Workbook

Sheet Ringkasan
A1: Ringkasan run - audit lintas sumber
A3: Mint | B3: 9U1f18idDeySFnYrurxqT1f5n5nE4g4Uk5LLzP69bh1
A4: Waktu snapshot (UTC) | B4: 2026-10-15 07:14:27
A5: Sumber diminta | B5: Vybe, SolanaTracker, GMGN
A6: Sumber berhasil | B6: 1 dari 3 (SolanaTracker)
A7: Versi suite / Python | B7: 1.0.0 / 3.14.6
A9: Parameter (sel kuning boleh diubah; kolom flag_spread di sheet Gabungan dan hitungannya di sini ikut dihitung ulang)
A10: Ambang selisih realized (USD) >= | B10: 10
A11: Ambang selisih relatif >= | B11: 0.25
A12: Nilai awal berasal dari argumen --spread-usd dan --spread-pct. Selisih relatif = (tertinggi - terendah) / nilai absolut terbesar.
A14: Status per sumber
A15: Sumber | B15: Status | C15: Baris | D15: Mulai (UTC) | E15: Selesai (UTC) | F15: Durasi (dtk) | G15: Aktivitas terbaru di daftar (UTC) | H15: Selisih ke waktu selesai (menit) | I15: Aktivitas tertua di daftar (UTC) | J15: Catatan
A16: Vybe | B16: gagal | D16: 2026-10-15 07:14:27 | E16: 2026-10-15 07:14:29 | F16: 2.1 | J16: Error: Vybe returned no traders for this token.
A17: SolanaTracker | B17: ok | C17: 100 | D17: 2026-10-15 07:14:27 | E17: 2026-10-15 07:14:30 | F17: 2.6 | G17: 2026-10-13 15:38:23 | H17: 2376.1 | I17: 2026-09-17 19:12:08
A18: GMGN | B18: gagal | D18: 2026-10-15 07:14:27 | E18: 2026-10-15 07:14:29 | F18: 2 | J18: Error: GMGN API error (HTTP 401): code=401 AUTH_TIMESTAMP_EXPIRED timestamp expired Check GMGN_API_KEY (the API key, not the private key). GMGN only works over IPv4, so disable IPv6 if the key is correct, and make sure this PC's clock is accurate (the server allows about 5 seconds of drift).
A19: 'Aktivitas terbaru/tertua' hanya dari wallet yang ada di daftar (bukan seluruh token), jadi menunjukkan perkiraan kasar keterlambatan data.
A20: Aktivitas tertua yang terlihat: 2026-09-17 19:12:08 UTC (sekitar 660.04 jam sebelum snapshot).
A22: Catatan
A23: Yang dibandingkan hanya realized PnL. Unrealized bergantung pada harga yang dipakai tiap provider saat menghitung, jadi hanya indikatif dan tidak dinilai selisihnya.
A24: Hanya satu sumber yang berhasil, jadi perbandingan lintas sumber tidak tersedia.
A25: SolanaTracker mengembalikan 100 baris (batas 100). Wallet di luar daftar tidak terlihat, jadi 'hanya di satu sumber' bisa disebabkan daftar yang terpotong.
A27: Kamus kolom sheet Gabungan
A28: rank_*: peringkat wallet di CSV provider itu (urutan realized PnL); kosong = wallet tidak ada di daftar provider itu.
A29: realized_*: realized_pnl_usd apa adanya dari provider; tidak ada rata-rata dan tidak ada penyatuan definisi.
A30: n_sources, spread_usd, spread_pct, flag_spread: rumus Excel. spread = realized tertinggi dikurangi terendah di antara provider yang memuat wallet.
A31: only_in: provider yang satu-satunya memuat wallet (hanya diisi bila >= 2 provider berhasil). Waspada: bisa karena daftar terpotong.
A32: role_disagreement: peran (dev, kol, smart_money, sniper, bundler, bot, arbitrage, pool_or_exchange) yang hanya dimiliki sebagian provider. Pemetaan label sederhana di suite/labels.py; hanya provider yang memberi label pada setidaknya satu wallet di run ini yang dibandingkan.
A33: sheet_row_*: nomor baris wallet di sheet mentah provider itu, untuk menelusuri angka ke sumbernya.

Sheet Gabungan
A1: wallet | B1: name | C1: n_sources | D1: sources | E1: rank_vybe | F1: rank_solanatracker | G1: rank_gmgn | H1: realized_vybe | I1: realized_solanatracker | J1: realized_gmgn | K1: spread_usd | L1: spread_pct | M1: flag_spread | N1: only_in | O1: role_disagreement | P1: labels_vybe | Q1: labels_solanatracker | R1: labels_gmgn | S1: funded_by_gmgn | T1: sheet_row_vybe | U1: sheet_row_solanatracker | V1: sheet_row_gmgn
A2: 3jvB7JMR7QhTqohucrQqiB6UPazbB8e2Zo6mQSKDCCGq | B2: SandySulkyFruit | C2: =COUNT(E2:G2) | D2: SolanaTracker | F2: 1 | I2: 20801.32 | K2: =IF(COUNT(H2:J2)>=2,MAX(H2:J2)-MIN(H2:J2),"") | L2: =IF(ISNUMBER(K2),IF(MAX(ABS(MAX(H2:J2)),ABS(MIN(H2:J2)))=0,"",K2/MAX(ABS(MAX(H2:J2)),ABS(MIN(H2:J2)))),"") | M2: =IF(AND(ISNUMBER(K2),ISNUMBER(L2)),IF(AND(K2>=Ringkasan!$B$10,L2>=Ringkasan!$B$11),"yes",""),"") | Q2: gmgn; axiom; pumpfun-app; bloom | U2: 2
A3: AYZryL5JYFhAJ7PtA9uvebDqcFrifcPTucvDyjbd7xzN | C3: =COUNT(E3:G3) | D3: SolanaTracker | F3: 2 | I3: 18694.13 | K3: =IF(COUNT(H3:J3)>=2,MAX(H3:J3)-MIN(H3:J3),"") | L3: =IF(ISNUMBER(K3),IF(MAX(ABS(MAX(H3:J3)),ABS(MIN(H3:J3)))=0,"",K3/MAX(ABS(MAX(H3:J3)),ABS(MIN(H3:J3)))),"") | M3: =IF(AND(ISNUMBER(K3),ISNUMBER(L3)),IF(AND(K3>=Ringkasan!$B$10,L3>=Ringkasan!$B$11),"yes",""),"") | Q3: terminal; axiom | U3: 3
A4: 4CwrH924ZreiA4rjEfWRbVa28LrzYb18EBjGhLLZwBjX | B4: Spoily | C4: =COUNT(E4:G4) | D4: SolanaTracker | F4: 3 | I4: 18640.15 | K4: =IF(COUNT(H4:J4)>=2,MAX(H4:J4)-MIN(H4:J4),"") | L4: =IF(ISNUMBER(K4),IF(MAX(ABS(MAX(H4:J4)),ABS(MIN(H4:J4)))=0,"",K4/MAX(ABS(MAX(H4:J4)),ABS(MIN(H4:J4)))),"") | M4: =IF(AND(ISNUMBER(K4),ISNUMBER(L4)),IF(AND(K4>=Ringkasan!$B$10,L4>=Ringkasan!$B$11),"yes",""),"") | Q4: potential_bot; fomo | U4: 4
A5: 8Hh4H35D498baNnWXdsAct6pj5LtnkNS1Xi8KtQq6huK | B5: Saif | C5: =COUNT(E5:G5) | D5: SolanaTracker | F5: 4 | I5: 15226.57 | K5: =IF(COUNT(H5:J5)>=2,MAX(H5:J5)-MIN(H5:J5),"") | L5: =IF(ISNUMBER(K5),IF(MAX(ABS(MAX(H5:J5)),ABS(MIN(H5:J5)))=0,"",K5/MAX(ABS(MAX(H5:J5)),ABS(MIN(H5:J5)))),"") | M5: =IF(AND(ISNUMBER(K5),ISNUMBER(L5)),IF(AND(K5>=Ringkasan!$B$10,L5>=Ringkasan!$B$11),"yes",""),"") | Q5: fomo | U5: 5
A6: EJFEveW2fy9o7ARLpU7ch7aHbPwK3hLKGTmQ9EkNZa43 | B6: FirmDeafFox | C6: =COUNT(E6:G6) | D6: SolanaTracker | F6: 5 | I6: 14197.44 | K6: =IF(COUNT(H6:J6)>=2,MAX(H6:J6)-MIN(H6:J6),"") | L6: =IF(ISNUMBER(K6),IF(MAX(ABS(MAX(H6:J6)),ABS(MIN(H6:J6)))=0,"",K6/MAX(ABS(MAX(H6:J6)),ABS(MIN(H6:J6)))),"") | M6: =IF(AND(ISNUMBER(K6),ISNUMBER(L6)),IF(AND(K6>=Ringkasan!$B$10,L6>=Ringkasan!$B$11),"yes",""),"") | Q6: fomo | U6: 6
A7: 4nQ4VWTAadJB2sgQqabBVBft3VPpQcHi3RdX2qcJZTMD | C7: =COUNT(E7:G7) | D7: SolanaTracker | F7: 6 | I7: 11818.44 | K7: =IF(COUNT(H7:J7)>=2,MAX(H7:J7)-MIN(H7:J7),"") | L7: =IF(ISNUMBER(K7),IF(MAX(ABS(MAX(H7:J7)),ABS(MIN(H7:J7)))=0,"",K7/MAX(ABS(MAX(H7:J7)),ABS(MIN(H7:J7)))),"") | M7: =IF(AND(ISNUMBER(K7),ISNUMBER(L7)),IF(AND(K7>=Ringkasan!$B$10,L7>=Ringkasan!$B$11),"yes",""),"") | Q7: axiom | U7: 7
A8: 3ULrdcEaBHsXACWnMo6foav1nkV7QDsPipsUyY2fT5AS | B8: newlobster60567 | C8: =COUNT(E8:G8) | D8: SolanaTracker | F8: 7 | I8: 11324.02 | K8: =IF(COUNT(H8:J8)>=2,MAX(H8:J8)-MIN(H8:J8),"") | L8: =IF(ISNUMBER(K8),IF(MAX(ABS(MAX(H8:J8)),ABS(MIN(H8:J8)))=0,"",K8/MAX(ABS(MAX(H8:J8)),ABS(MIN(H8:J8)))),"") | M8: =IF(AND(ISNUMBER(K8),ISNUMBER(L8)),IF(AND(K8>=Ringkasan!$B$10,L8>=Ringkasan!$B$11),"yes",""),"") | Q8: potential_bot; pumpfun-app | U8: 8
A9: CyaE1VxvBrahnPWkqm5VsdCvyS2QmNht2UFrKJHga54o | B9: Cented | C9: =COUNT(E9:G9) | D9: SolanaTracker | F9: 8 | I9: 10423.99 | K9: =IF(COUNT(H9:J9)>=2,MAX(H9:J9)-MIN(H9:J9),"") | L9: =IF(ISNUMBER(K9),IF(MAX(ABS(MAX(H9:J9)),ABS(MIN(H9:J9)))=0,"",K9/MAX(ABS(MAX(H9:J9)),ABS(MIN(H9:J9)))),"") | M9: =IF(AND(ISNUMBER(K9),ISNUMBER(L9)),IF(AND(K9>=Ringkasan!$B$10,L9>=Ringkasan!$B$11),"yes",""),"") | Q9: kol; terminal; axiom; photon; pumpfun-app; bloom; sns | U9: 9
A10: 5B79fMkcFeRTiwm7ehsZsFiKsC7m7n1Bgv9yLxPp9q2X | B10: bandit | C10: =COUNT(E10:G10) | D10: SolanaTracker | F10: 9 | I10: 10400.93 | K10: =IF(COUNT(H10:J10)>=2,MAX(H10:J10)-MIN(H10:J10),"") | L10: =IF(ISNUMBER(K10),IF(MAX(ABS(MAX(H10:J10)),ABS(MIN(H10:J10)))=0,"",K10/MAX(ABS(MAX(H10:J10)),ABS(MIN(H10:J10)))),"") | M10: =IF(AND(ISNUMBER(K10),ISNUMBER(L10)),IF(AND(K10>=Ringkasan!$B$10,L10>=Ringkasan!$B$11),"yes",""),"") | Q10: kol; axiom; sns | U10: 10
A11: EYkRnmNfmSFUkzz4vYE2uii2UW2cTSr2Urf32BUkUX9k | C11: =COUNT(E11:G11) | D11: SolanaTracker | F11: 10 | I11: 9666.4 | K11: =IF(COUNT(H11:J11)>=2,MAX(H11:J11)-MIN(H11:J11),"") | L11: =IF(ISNUMBER(K11),IF(MAX(ABS(MAX(H11:J11)),ABS(MIN(H11:J11)))=0,"",K11/MAX(ABS(MAX(H11:J11)),ABS(MIN(H11:J11)))),"") | M11: =IF(AND(ISNUMBER(K11),ISNUMBER(L11)),IF(AND(K11>=Ringkasan!$B$10,L11>=Ringkasan!$B$11),"yes",""),"") | U11: 11
A12: 3nLh14fRyZr1EBpp7jJqwBqKt8uLBFZ1rTmVTfLvnkfj | C12: =COUNT(E12:G12) | D12: SolanaTracker | F12: 11 | I12: 9051.79 | K12: =IF(COUNT(H12:J12)>=2,MAX(H12:J12)-MIN(H12:J12),"") | L12: =IF(ISNUMBER(K12),IF(MAX(ABS(MAX(H12:J12)),ABS(MIN(H12:J12)))=0,"",K12/MAX(ABS(MAX(H12:J12)),ABS(MIN(H12:J12)))),"") | M12: =IF(AND(ISNUMBER(K12),ISNUMBER(L12)),IF(AND(K12>=Ringkasan!$B$10,L12>=Ringkasan!$B$11),"yes",""),"") | Q12: potential_bot; axiom | U12: 12
A13: 5tNXmLdWCY58mjGVn6a6hTxLqyDntKAetwWcLaphRnL | C13: =COUNT(E13:G13) | D13: SolanaTracker | F13: 12 | I13: 8497.26 | K13: =IF(COUNT(H13:J13)>=2,MAX(H13:J13)-MIN(H13:J13),"") | L13: =IF(ISNUMBER(K13),IF(MAX(ABS(MAX(H13:J13)),ABS(MIN(H13:J13)))=0,"",K13/MAX(ABS(MAX(H13:J13)),ABS(MIN(H13:J13)))),"") | M13: =IF(AND(ISNUMBER(K13),ISNUMBER(L13)),IF(AND(K13>=Ringkasan!$B$10,L13>=Ringkasan!$B$11),"yes",""),"") | Q13: axiom | U13: 13
A14: WJWQRpigXNgnMH8wdjLuo5XfuY3sk6WHc3DAaBXf8Vx | C14: =COUNT(E14:G14) | D14: SolanaTracker | F14: 13 | I14: 7679.67 | K14: =IF(COUNT(H14:J14)>=2,MAX(H14:J14)-MIN(H14:J14),"") | L14: =IF(ISNUMBER(K14),IF(MAX(ABS(MAX(H14:J14)),ABS(MIN(H14:J14)))=0,"",K14/MAX(ABS(MAX(H14:J14)),ABS(MIN(H14:J14)))),"") | M14: =IF(AND(ISNUMBER(K14),ISNUMBER(L14)),IF(AND(K14>=Ringkasan!$B$10,L14>=Ringkasan!$B$11),"yes",""),"") | Q14: axiom | U14: 14
A15: 922M9fBTzwGfC4Gqu3WxB8S89WHaTfVAUZKwK5PNtZpk | C15: =COUNT(E15:G15) | D15: SolanaTracker | F15: 14 | I15: 7145.46 | K15: =IF(COUNT(H15:J15)>=2,MAX(H15:J15)-MIN(H15:J15),"") | L15: =IF(ISNUMBER(K15),IF(MAX(ABS(MAX(H15:J15)),ABS(MIN(H15:J15)))=0,"",K15/MAX(ABS(MAX(H15:J15)),ABS(MIN(H15:J15)))),"") | M15: =IF(AND(ISNUMBER(K15),ISNUMBER(L15)),IF(AND(K15>=Ringkasan!$B$10,L15>=Ringkasan!$B$11),"yes",""),"") | Q15: potential_bot | U15: 15
A16: HyGWBXCTcSW3F9dPdZhz5RD4ubjKyjmMccArDSEBfYxM | C16: =COUNT(E16:G16) | D16: SolanaTracker | F16: 15 | I16: 6992.96 | K16: =IF(COUNT(H16:J16)>=2,MAX(H16:J16)-MIN(H16:J16),"") | L16: =IF(ISNUMBER(K16),IF(MAX(ABS(MAX(H16:J16)),ABS(MIN(H16:J16)))=0,"",K16/MAX(ABS(MAX(H16:J16)),ABS(MIN(H16:J16)))),"") | M16: =IF(AND(ISNUMBER(K16),ISNUMBER(L16)),IF(AND(K16>=Ringkasan!$B$10,L16>=Ringkasan!$B$11),"yes",""),"") | Q16: terminal; axiom | U16: 16
A17: 5pHeNsWMVEi1cbMzLhgqABnhEUwRTSzy5vBfeGWyJfxS | B17: ‎ ‎ ‎ | C17: =COUNT(E17:G17) | D17: SolanaTracker | F17: 16 | I17: 6435.1 | K17: =IF(COUNT(H17:J17)>=2,MAX(H17:J17)-MIN(H17:J17),"") | L17: =IF(ISNUMBER(K17),IF(MAX(ABS(MAX(H17:J17)),ABS(MIN(H17:J17)))=0,"",K17/MAX(ABS(MAX(H17:J17)),ABS(MIN(H17:J17)))),"") | M17: =IF(AND(ISNUMBER(K17),ISNUMBER(L17)),IF(AND(K17>=Ringkasan!$B$10,L17>=Ringkasan!$B$11),"yes",""),"") | Q17: potential_bot; fomo | U17: 17
A18: 6dC4Rvt1c6mv6M27QeAxRCCbXjUaZPFRZPxZn2rLXN7s | C18: =COUNT(E18:G18) | D18: SolanaTracker | F18: 17 | I18: 6405.29 | K18: =IF(COUNT(H18:J18)>=2,MAX(H18:J18)-MIN(H18:J18),"") | L18: =IF(ISNUMBER(K18),IF(MAX(ABS(MAX(H18:J18)),ABS(MIN(H18:J18)))=0,"",K18/MAX(ABS(MAX(H18:J18)),ABS(MIN(H18:J18)))),"") | M18: =IF(AND(ISNUMBER(K18),ISNUMBER(L18)),IF(AND(K18>=Ringkasan!$B$10,L18>=Ringkasan!$B$11),"yes",""),"") | Q18: potential_bot; gmgn; axiom | U18: 18
A19: 1CNg1DM3egT1qiHNFNFNAFsCmgpczHHJk2fZdnkJyUv | C19: =COUNT(E19:G19) | D19: SolanaTracker | F19: 18 | I19: 6014.38 | K19: =IF(COUNT(H19:J19)>=2,MAX(H19:J19)-MIN(H19:J19),"") | L19: =IF(ISNUMBER(K19),IF(MAX(ABS(MAX(H19:J19)),ABS(MIN(H19:J19)))=0,"",K19/MAX(ABS(MAX(H19:J19)),ABS(MIN(H19:J19)))),"") | M19: =IF(AND(ISNUMBER(K19),ISNUMBER(L19)),IF(AND(K19>=Ringkasan!$B$10,L19>=Ringkasan!$B$11),"yes",""),"") | Q19: potential_bot; terminal; axiom | U19: 19
A20: 8HH3M6SfUCC9yGM3ytaFQWnDc19tSBYCNJBnqeWaQ8Xb | B20: fomo_sexual | C20: =COUNT(E20:G20) | D20: SolanaTracker | F20: 19 | I20: 5839.45 | K20: =IF(COUNT(H20:J20)>=2,MAX(H20:J20)-MIN(H20:J20),"") | L20: =IF(ISNUMBER(K20),IF(MAX(ABS(MAX(H20:J20)),ABS(MIN(H20:J20)))=0,"",K20/MAX(ABS(MAX(H20:J20)),ABS(MIN(H20:J20)))),"") | M20: =IF(AND(ISNUMBER(K20),ISNUMBER(L20)),IF(AND(K20>=Ringkasan!$B$10,L20>=Ringkasan!$B$11),"yes",""),"") | Q20: pumpfun-app | U20: 20
A21: 3EmnFHt5dFo5RW4oJf4zruBKJtm2gNgTkGCB5n6dXDvf | C21: =COUNT(E21:G21) | D21: SolanaTracker | F21: 20 | I21: 5696.76 | K21: =IF(COUNT(H21:J21)>=2,MAX(H21:J21)-MIN(H21:J21),"") | L21: =IF(ISNUMBER(K21),IF(MAX(ABS(MAX(H21:J21)),ABS(MIN(H21:J21)))=0,"",K21/MAX(ABS(MAX(H21:J21)),ABS(MIN(H21:J21)))),"") | M21: =IF(AND(ISNUMBER(K21),ISNUMBER(L21)),IF(AND(K21>=Ringkasan!$B$10,L21>=Ringkasan!$B$11),"yes",""),"") | Q21: fomo | U21: 21
A22: gasBidSWW5zmwXs3gn8TG2ijzKkrwpyM7ucwjgDQst6 | C22: =COUNT(E22:G22) | D22: SolanaTracker | F22: 21 | I22: 5684.03 | K22: =IF(COUNT(H22:J22)>=2,MAX(H22:J22)-MIN(H22:J22),"") | L22: =IF(ISNUMBER(K22),IF(MAX(ABS(MAX(H22:J22)),ABS(MIN(H22:J22)))=0,"",K22/MAX(ABS(MAX(H22:J22)),ABS(MIN(H22:J22)))),"") | M22: =IF(AND(ISNUMBER(K22),ISNUMBER(L22)),IF(AND(K22>=Ringkasan!$B$10,L22>=Ringkasan!$B$11),"yes",""),"") | Q22: potential_bot | U22: 22
A23: 2tiFfUNd4HEYg5XtSiNgrfptZ5LSjNU4dCFbg5YqWbBz | C23: =COUNT(E23:G23) | D23: SolanaTracker | F23: 22 | I23: 5145.71 | K23: =IF(COUNT(H23:J23)>=2,MAX(H23:J23)-MIN(H23:J23),"") | L23: =IF(ISNUMBER(K23),IF(MAX(ABS(MAX(H23:J23)),ABS(MIN(H23:J23)))=0,"",K23/MAX(ABS(MAX(H23:J23)),ABS(MIN(H23:J23)))),"") | M23: =IF(AND(ISNUMBER(K23),ISNUMBER(L23)),IF(AND(K23>=Ringkasan!$B$10,L23>=Ringkasan!$B$11),"yes",""),"") | Q23: gmgn; axiom | U23: 23
A24: nMK9myLJSftWpbacFUnaHx5bG3VUmbucghQMyHMgFZU | C24: =COUNT(E24:G24) | D24: SolanaTracker | F24: 23 | I24: 5109.42 | K24: =IF(COUNT(H24:J24)>=2,MAX(H24:J24)-MIN(H24:J24),"") | L24: =IF(ISNUMBER(K24),IF(MAX(ABS(MAX(H24:J24)),ABS(MIN(H24:J24)))=0,"",K24/MAX(ABS(MAX(H24:J24)),ABS(MIN(H24:J24)))),"") | M24: =IF(AND(ISNUMBER(K24),ISNUMBER(L24)),IF(AND(K24>=Ringkasan!$B$10,L24>=Ringkasan!$B$11),"yes",""),"") | Q24: axiom | U24: 24
A25: 4xd3Y2qvX43wwfLupdQVsE5ZTpnhXmpn8Dmf4Hufkj9n | C25: =COUNT(E25:G25) | D25: SolanaTracker | F25: 24 | I25: 4729 | K25: =IF(COUNT(H25:J25)>=2,MAX(H25:J25)-MIN(H25:J25),"") | L25: =IF(ISNUMBER(K25),IF(MAX(ABS(MAX(H25:J25)),ABS(MIN(H25:J25)))=0,"",K25/MAX(ABS(MAX(H25:J25)),ABS(MIN(H25:J25)))),"") | M25: =IF(AND(ISNUMBER(K25),ISNUMBER(L25)),IF(AND(K25>=Ringkasan!$B$10,L25>=Ringkasan!$B$11),"yes",""),"") | Q25: axiom | U25: 25
A26: DXYo85dMRjN72mEwwMADfPcsSknup9D7aoH9TExCDpns | B26: robustorca18145 | C26: =COUNT(E26:G26) | D26: SolanaTracker | F26: 25 | I26: 4724.37 | K26: =IF(COUNT(H26:J26)>=2,MAX(H26:J26)-MIN(H26:J26),"") | L26: =IF(ISNUMBER(K26),IF(MAX(ABS(MAX(H26:J26)),ABS(MIN(H26:J26)))=0,"",K26/MAX(ABS(MAX(H26:J26)),ABS(MIN(H26:J26)))),"") | M26: =IF(AND(ISNUMBER(K26),ISNUMBER(L26)),IF(AND(K26>=Ringkasan!$B$10,L26>=Ringkasan!$B$11),"yes",""),"") | Q26: gmgn; axiom; pumpfun-app | U26: 26
A27: a9Cct2wpjn4vWSR4rsytxm1URyk6vTXo4RTqXFpjyvD | C27: =COUNT(E27:G27) | D27: SolanaTracker | F27: 26 | I27: 4707.28 | K27: =IF(COUNT(H27:J27)>=2,MAX(H27:J27)-MIN(H27:J27),"") | L27: =IF(ISNUMBER(K27),IF(MAX(ABS(MAX(H27:J27)),ABS(MIN(H27:J27)))=0,"",K27/MAX(ABS(MAX(H27:J27)),ABS(MIN(H27:J27)))),"") | M27: =IF(AND(ISNUMBER(K27),ISNUMBER(L27)),IF(AND(K27>=Ringkasan!$B$10,L27>=Ringkasan!$B$11),"yes",""),"") | Q27: axiom | U27: 27
A28: ALiRQQjiJtfT44VcgLCur12oftvcSjnbUhZJJMPCxyi9 | C28: =COUNT(E28:G28) | D28: SolanaTracker | F28: 27 | I28: 4632.82 | K28: =IF(COUNT(H28:J28)>=2,MAX(H28:J28)-MIN(H28:J28),"") | L28: =IF(ISNUMBER(K28),IF(MAX(ABS(MAX(H28:J28)),ABS(MIN(H28:J28)))=0,"",K28/MAX(ABS(MAX(H28:J28)),ABS(MIN(H28:J28)))),"") | M28: =IF(AND(ISNUMBER(K28),ISNUMBER(L28)),IF(AND(K28>=Ringkasan!$B$10,L28>=Ringkasan!$B$11),"yes",""),"") | Q28: gmgn; axiom | U28: 28
A29: 4t6pyETLEd3o7Esm2zhqPVduti4fKXJWPtGWTYZtNLg6 | B29: 🖰 | C29: =COUNT(E29:G29) | D29: SolanaTracker | F29: 28 | I29: 4597.56 | K29: =IF(COUNT(H29:J29)>=2,MAX(H29:J29)-MIN(H29:J29),"") | L29: =IF(ISNUMBER(K29),IF(MAX(ABS(MAX(H29:J29)),ABS(MIN(H29:J29)))=0,"",K29/MAX(ABS(MAX(H29:J29)),ABS(MIN(H29:J29)))),"") | M29: =IF(AND(ISNUMBER(K29),ISNUMBER(L29)),IF(AND(K29>=Ringkasan!$B$10,L29>=Ringkasan!$B$11),"yes",""),"") | Q29: terminal; fomo | U29: 29
A30: 72qiszPvrwpXQesTUaiEeMEYtbXZ8Lqa2jkHuwSoR4Rs | B30: shrimproll | C30: =COUNT(E30:G30) | D30: SolanaTracker | F30: 29 | I30: 4588.24 | K30: =IF(COUNT(H30:J30)>=2,MAX(H30:J30)-MIN(H30:J30),"") | L30: =IF(ISNUMBER(K30),IF(MAX(ABS(MAX(H30:J30)),ABS(MIN(H30:J30)))=0,"",K30/MAX(ABS(MAX(H30:J30)),ABS(MIN(H30:J30)))),"") | M30: =IF(AND(ISNUMBER(K30),ISNUMBER(L30)),IF(AND(K30>=Ringkasan!$B$10,L30>=Ringkasan!$B$11),"yes",""),"") | Q30: fomo | U30: 30
A31: FT9cwJgg2vf6JcqvEe7A2SAxt469F7zBLtyhsqYW2YvH | B31: zixzah | C31: =COUNT(E31:G31) | D31: SolanaTracker | F31: 30 | I31: 4492.97 | K31: =IF(COUNT(H31:J31)>=2,MAX(H31:J31)-MIN(H31:J31),"") | L31: =IF(ISNUMBER(K31),IF(MAX(ABS(MAX(H31:J31)),ABS(MIN(H31:J31)))=0,"",K31/MAX(ABS(MAX(H31:J31)),ABS(MIN(H31:J31)))),"") | M31: =IF(AND(ISNUMBER(K31),ISNUMBER(L31)),IF(AND(K31>=Ringkasan!$B$10,L31>=Ringkasan!$B$11),"yes",""),"") | Q31: pumpfun-app | U31: 31
A32: AoQhsez9FxzbJuwhCDJiwCkDSYbvGv3khYAy8StH9R6V | B32: Soltranza | C32: =COUNT(E32:G32) | D32: SolanaTracker | F32: 31 | I32: 4369.4 | K32: =IF(COUNT(H32:J32)>=2,MAX(H32:J32)-MIN(H32:J32),"") | L32: =IF(ISNUMBER(K32),IF(MAX(ABS(MAX(H32:J32)),ABS(MIN(H32:J32)))=0,"",K32/MAX(ABS(MAX(H32:J32)),ABS(MIN(H32:J32)))),"") | M32: =IF(AND(ISNUMBER(K32),ISNUMBER(L32)),IF(AND(K32>=Ringkasan!$B$10,L32>=Ringkasan!$B$11),"yes",""),"") | Q32: pumpfun-app | U32: 32
A33: HaxVjQgLK9yjdMerZtwsEgPcJReEi42fEgQ33BihsDRc | C33: =COUNT(E33:G33) | D33: SolanaTracker | F33: 32 | I33: 4220.83 | K33: =IF(COUNT(H33:J33)>=2,MAX(H33:J33)-MIN(H33:J33),"") | L33: =IF(ISNUMBER(K33),IF(MAX(ABS(MAX(H33:J33)),ABS(MIN(H33:J33)))=0,"",K33/MAX(ABS(MAX(H33:J33)),ABS(MIN(H33:J33)))),"") | M33: =IF(AND(ISNUMBER(K33),ISNUMBER(L33)),IF(AND(K33>=Ringkasan!$B$10,L33>=Ringkasan!$B$11),"yes",""),"") | Q33: terminal; axiom | U33: 33
A34: BGb7SiB1hw9bAbUarByVksALdXaz5iaD8mCKQRZJvK7T | C34: =COUNT(E34:G34) | D34: SolanaTracker | F34: 33 | I34: 4176.39 | K34: =IF(COUNT(H34:J34)>=2,MAX(H34:J34)-MIN(H34:J34),"") | L34: =IF(ISNUMBER(K34),IF(MAX(ABS(MAX(H34:J34)),ABS(MIN(H34:J34)))=0,"",K34/MAX(ABS(MAX(H34:J34)),ABS(MIN(H34:J34)))),"") | M34: =IF(AND(ISNUMBER(K34),ISNUMBER(L34)),IF(AND(K34>=Ringkasan!$B$10,L34>=Ringkasan!$B$11),"yes",""),"") | Q34: terminal; axiom | U34: 34
A35: MRLJSy9LVb6Qy53ae1jXrsKEQW2vS7J4uSsUHBxes5N | C35: =COUNT(E35:G35) | D35: SolanaTracker | F35: 34 | I35: 4154.42 | K35: =IF(COUNT(H35:J35)>=2,MAX(H35:J35)-MIN(H35:J35),"") | L35: =IF(ISNUMBER(K35),IF(MAX(ABS(MAX(H35:J35)),ABS(MIN(H35:J35)))=0,"",K35/MAX(ABS(MAX(H35:J35)),ABS(MIN(H35:J35)))),"") | M35: =IF(AND(ISNUMBER(K35),ISNUMBER(L35)),IF(AND(K35>=Ringkasan!$B$10,L35>=Ringkasan!$B$11),"yes",""),"") | Q35: terminal; axiom | U35: 35
A36: 9cAz6WUKH4UNqzv6uT7TWitp8QHExBoFt3cTqrPBLGFq | C36: =COUNT(E36:G36) | D36: SolanaTracker | F36: 35 | I36: 4040.3 | K36: =IF(COUNT(H36:J36)>=2,MAX(H36:J36)-MIN(H36:J36),"") | L36: =IF(ISNUMBER(K36),IF(MAX(ABS(MAX(H36:J36)),ABS(MIN(H36:J36)))=0,"",K36/MAX(ABS(MAX(H36:J36)),ABS(MIN(H36:J36)))),"") | M36: =IF(AND(ISNUMBER(K36),ISNUMBER(L36)),IF(AND(K36>=Ringkasan!$B$10,L36>=Ringkasan!$B$11),"yes",""),"") | Q36: axiom | U36: 36
A37: BnNMkMRhQmAd56KPN9141ULX9HhPmQrkSzYxr8CCPbyX | B37: flatkraken21075 | C37: =COUNT(E37:G37) | D37: SolanaTracker | F37: 36 | I37: 4033.66 | K37: =IF(COUNT(H37:J37)>=2,MAX(H37:J37)-MIN(H37:J37),"") | L37: =IF(ISNUMBER(K37),IF(MAX(ABS(MAX(H37:J37)),ABS(MIN(H37:J37)))=0,"",K37/MAX(ABS(MAX(H37:J37)),ABS(MIN(H37:J37)))),"") | M37: =IF(AND(ISNUMBER(K37),ISNUMBER(L37)),IF(AND(K37>=Ringkasan!$B$10,L37>=Ringkasan!$B$11),"yes",""),"") | Q37: axiom; pumpfun-app | U37: 37
A38: Bp95jUJaBUc4ZQ2c5c2V6YMf1FEDDUMKRCXdkYBvoTXx | C38: =COUNT(E38:G38) | D38: SolanaTracker | F38: 37 | I38: 3977.37 | K38: =IF(COUNT(H38:J38)>=2,MAX(H38:J38)-MIN(H38:J38),"") | L38: =IF(ISNUMBER(K38),IF(MAX(ABS(MAX(H38:J38)),ABS(MIN(H38:J38)))=0,"",K38/MAX(ABS(MAX(H38:J38)),ABS(MIN(H38:J38)))),"") | M38: =IF(AND(ISNUMBER(K38),ISNUMBER(L38)),IF(AND(K38>=Ringkasan!$B$10,L38>=Ringkasan!$B$11),"yes",""),"") | Q38: gmgn; axiom | U38: 38
A39: fagtUj7V7wKxSo2Jjc1NfcBexwnygGYbTYgN9eNXx8X | C39: =COUNT(E39:G39) | D39: SolanaTracker | F39: 38 | I39: 3942.66 | K39: =IF(COUNT(H39:J39)>=2,MAX(H39:J39)-MIN(H39:J39),"") | L39: =IF(ISNUMBER(K39),IF(MAX(ABS(MAX(H39:J39)),ABS(MIN(H39:J39)))=0,"",K39/MAX(ABS(MAX(H39:J39)),ABS(MIN(H39:J39)))),"") | M39: =IF(AND(ISNUMBER(K39),ISNUMBER(L39)),IF(AND(K39>=Ringkasan!$B$10,L39>=Ringkasan!$B$11),"yes",""),"") | Q39: terminal; axiom | U39: 39
A40: BUkTdidtehRJ6YvKDErxcFaoEGTVTEtKHedePgE6Pq4z | C40: =COUNT(E40:G40) | D40: SolanaTracker | F40: 39 | I40: 3888.33 | K40: =IF(COUNT(H40:J40)>=2,MAX(H40:J40)-MIN(H40:J40),"") | L40: =IF(ISNUMBER(K40),IF(MAX(ABS(MAX(H40:J40)),ABS(MIN(H40:J40)))=0,"",K40/MAX(ABS(MAX(H40:J40)),ABS(MIN(H40:J40)))),"") | M40: =IF(AND(ISNUMBER(K40),ISNUMBER(L40)),IF(AND(K40>=Ringkasan!$B$10,L40>=Ringkasan!$B$11),"yes",""),"") | Q40: gmgn; axiom | U40: 40
A41: HaJHNvK7htkYMmzFvHSoJBcE9ZPz46MpF5hQSpbTEsoD | C41: =COUNT(E41:G41) | D41: SolanaTracker | F41: 40 | I41: 3814.93 | K41: =IF(COUNT(H41:J41)>=2,MAX(H41:J41)-MIN(H41:J41),"") | L41: =IF(ISNUMBER(K41),IF(MAX(ABS(MAX(H41:J41)),ABS(MIN(H41:J41)))=0,"",K41/MAX(ABS(MAX(H41:J41)),ABS(MIN(H41:J41)))),"") | M41: =IF(AND(ISNUMBER(K41),ISNUMBER(L41)),IF(AND(K41>=Ringkasan!$B$10,L41>=Ringkasan!$B$11),"yes",""),"") | Q41: fomo | U41: 41
A42: 8NVkytV1CtoNBXGFtwXwh4KQdbgVcA6hFmym1gMuRHru | C42: =COUNT(E42:G42) | D42: SolanaTracker | F42: 41 | I42: 3786.37 | K42: =IF(COUNT(H42:J42)>=2,MAX(H42:J42)-MIN(H42:J42),"") | L42: =IF(ISNUMBER(K42),IF(MAX(ABS(MAX(H42:J42)),ABS(MIN(H42:J42)))=0,"",K42/MAX(ABS(MAX(H42:J42)),ABS(MIN(H42:J42)))),"") | M42: =IF(AND(ISNUMBER(K42),ISNUMBER(L42)),IF(AND(K42>=Ringkasan!$B$10,L42>=Ringkasan!$B$11),"yes",""),"") | Q42: terminal; axiom | U42: 42
A43: F5vgPDmbuBDUuBtVtgCvKQV3FYjj9XESVMWhQopv8wiu | C43: =COUNT(E43:G43) | D43: SolanaTracker | F43: 42 | I43: 3780.52 | K43: =IF(COUNT(H43:J43)>=2,MAX(H43:J43)-MIN(H43:J43),"") | L43: =IF(ISNUMBER(K43),IF(MAX(ABS(MAX(H43:J43)),ABS(MIN(H43:J43)))=0,"",K43/MAX(ABS(MAX(H43:J43)),ABS(MIN(H43:J43)))),"") | M43: =IF(AND(ISNUMBER(K43),ISNUMBER(L43)),IF(AND(K43>=Ringkasan!$B$10,L43>=Ringkasan!$B$11),"yes",""),"") | Q43: gmgn; axiom | U43: 43
A44: HTj39cpttcxAZJgG2BbubFxZ3UVKtTN2X2Yjwj4zBB3n | C44: =COUNT(E44:G44) | D44: SolanaTracker | F44: 43 | I44: 3779.71 | K44: =IF(COUNT(H44:J44)>=2,MAX(H44:J44)-MIN(H44:J44),"") | L44: =IF(ISNUMBER(K44),IF(MAX(ABS(MAX(H44:J44)),ABS(MIN(H44:J44)))=0,"",K44/MAX(ABS(MAX(H44:J44)),ABS(MIN(H44:J44)))),"") | M44: =IF(AND(ISNUMBER(K44),ISNUMBER(L44)),IF(AND(K44>=Ringkasan!$B$10,L44>=Ringkasan!$B$11),"yes",""),"") | Q44: potential_bot | U44: 44
A45: Czhmsewv9eM86H7B8a2RQH4J5Du2em5sei6qpBwBg6oX | C45: =COUNT(E45:G45) | D45: SolanaTracker | F45: 44 | I45: 3748.9 | K45: =IF(COUNT(H45:J45)>=2,MAX(H45:J45)-MIN(H45:J45),"") | L45: =IF(ISNUMBER(K45),IF(MAX(ABS(MAX(H45:J45)),ABS(MIN(H45:J45)))=0,"",K45/MAX(ABS(MAX(H45:J45)),ABS(MIN(H45:J45)))),"") | M45: =IF(AND(ISNUMBER(K45),ISNUMBER(L45)),IF(AND(K45>=Ringkasan!$B$10,L45>=Ringkasan!$B$11),"yes",""),"") | Q45: terminal; axiom | U45: 45
A46: 619F3XLsNzUp6FoP7AM5bkWvz8FcpgWxwXz9QWEvuxeS | C46: =COUNT(E46:G46) | D46: SolanaTracker | F46: 45 | I46: 3604.48 | K46: =IF(COUNT(H46:J46)>=2,MAX(H46:J46)-MIN(H46:J46),"") | L46: =IF(ISNUMBER(K46),IF(MAX(ABS(MAX(H46:J46)),ABS(MIN(H46:J46)))=0,"",K46/MAX(ABS(MAX(H46:J46)),ABS(MIN(H46:J46)))),"") | M46: =IF(AND(ISNUMBER(K46),ISNUMBER(L46)),IF(AND(K46>=Ringkasan!$B$10,L46>=Ringkasan!$B$11),"yes",""),"") | Q46: bloom | U46: 46
A47: 3LssL9Q9L8rTa5vnT8YUorukVxLP7nPawt4gcBywMeDN | C47: =COUNT(E47:G47) | D47: SolanaTracker | F47: 46 | I47: 3477.93 | K47: =IF(COUNT(H47:J47)>=2,MAX(H47:J47)-MIN(H47:J47),"") | L47: =IF(ISNUMBER(K47),IF(MAX(ABS(MAX(H47:J47)),ABS(MIN(H47:J47)))=0,"",K47/MAX(ABS(MAX(H47:J47)),ABS(MIN(H47:J47)))),"") | M47: =IF(AND(ISNUMBER(K47),ISNUMBER(L47)),IF(AND(K47>=Ringkasan!$B$10,L47>=Ringkasan!$B$11),"yes",""),"") | Q47: axiom | U47: 47
A48: 5cytp5CRc34XfbFFfoBafFRdxmAUjERgrqqfKJiy2cF5 | C48: =COUNT(E48:G48) | D48: SolanaTracker | F48: 47 | I48: 3451 | K48: =IF(COUNT(H48:J48)>=2,MAX(H48:J48)-MIN(H48:J48),"") | L48: =IF(ISNUMBER(K48),IF(MAX(ABS(MAX(H48:J48)),ABS(MIN(H48:J48)))=0,"",K48/MAX(ABS(MAX(H48:J48)),ABS(MIN(H48:J48)))),"") | M48: =IF(AND(ISNUMBER(K48),ISNUMBER(L48)),IF(AND(K48>=Ringkasan!$B$10,L48>=Ringkasan!$B$11),"yes",""),"") | Q48: gmgn; axiom | U48: 48
A49: 4ktUkQzKZBTFVLtMdRB8adLZzmxXRBHxDwzXUpS4D3nd | C49: =COUNT(E49:G49) | D49: SolanaTracker | F49: 48 | I49: 3377.95 | K49: =IF(COUNT(H49:J49)>=2,MAX(H49:J49)-MIN(H49:J49),"") | L49: =IF(ISNUMBER(K49),IF(MAX(ABS(MAX(H49:J49)),ABS(MIN(H49:J49)))=0,"",K49/MAX(ABS(MAX(H49:J49)),ABS(MIN(H49:J49)))),"") | M49: =IF(AND(ISNUMBER(K49),ISNUMBER(L49)),IF(AND(K49>=Ringkasan!$B$10,L49>=Ringkasan!$B$11),"yes",""),"") | U49: 49
A50: B5iWGT3Vuv3bpXpA1khPiMUcEjXQytTTrvCrE6vfDuHY | C50: =COUNT(E50:G50) | D50: SolanaTracker | F50: 49 | I50: 3356.11 | K50: =IF(COUNT(H50:J50)>=2,MAX(H50:J50)-MIN(H50:J50),"") | L50: =IF(ISNUMBER(K50),IF(MAX(ABS(MAX(H50:J50)),ABS(MIN(H50:J50)))=0,"",K50/MAX(ABS(MAX(H50:J50)),ABS(MIN(H50:J50)))),"") | M50: =IF(AND(ISNUMBER(K50),ISNUMBER(L50)),IF(AND(K50>=Ringkasan!$B$10,L50>=Ringkasan!$B$11),"yes",""),"") | U50: 50
A51: 5nZVAuxrdBze1QXf6RLNPhXfwEfAiVLyvvVgHHBJ7Yn6 | C51: =COUNT(E51:G51) | D51: SolanaTracker | F51: 50 | I51: 3338.94 | K51: =IF(COUNT(H51:J51)>=2,MAX(H51:J51)-MIN(H51:J51),"") | L51: =IF(ISNUMBER(K51),IF(MAX(ABS(MAX(H51:J51)),ABS(MIN(H51:J51)))=0,"",K51/MAX(ABS(MAX(H51:J51)),ABS(MIN(H51:J51)))),"") | M51: =IF(AND(ISNUMBER(K51),ISNUMBER(L51)),IF(AND(K51>=Ringkasan!$B$10,L51>=Ringkasan!$B$11),"yes",""),"") | Q51: potential_bot | U51: 51
A52: 7wKdqDS6Qpv4PLf2iFdbeCVoUwQmBfJcnHQAvS34Q9cM | C52: =COUNT(E52:G52) | D52: SolanaTracker | F52: 51 | I52: 3268.73 | K52: =IF(COUNT(H52:J52)>=2,MAX(H52:J52)-MIN(H52:J52),"") | L52: =IF(ISNUMBER(K52),IF(MAX(ABS(MAX(H52:J52)),ABS(MIN(H52:J52)))=0,"",K52/MAX(ABS(MAX(H52:J52)),ABS(MIN(H52:J52)))),"") | M52: =IF(AND(ISNUMBER(K52),ISNUMBER(L52)),IF(AND(K52>=Ringkasan!$B$10,L52>=Ringkasan!$B$11),"yes",""),"") | Q52: terminal; axiom | U52: 52
A53: FgoAHx7wegW7iRMP5TotV7RJcjamxAG38puczxKubjZo | C53: =COUNT(E53:G53) | D53: SolanaTracker | F53: 52 | I53: 3200.24 | K53: =IF(COUNT(H53:J53)>=2,MAX(H53:J53)-MIN(H53:J53),"") | L53: =IF(ISNUMBER(K53),IF(MAX(ABS(MAX(H53:J53)),ABS(MIN(H53:J53)))=0,"",K53/MAX(ABS(MAX(H53:J53)),ABS(MIN(H53:J53)))),"") | M53: =IF(AND(ISNUMBER(K53),ISNUMBER(L53)),IF(AND(K53>=Ringkasan!$B$10,L53>=Ringkasan!$B$11),"yes",""),"") | U53: 53
A54: 6sEjKGnzcDXZeTa1eHZf59HRZ5E3vNy8xbQhSSA6M7mL | B54: sahrawi | C54: =COUNT(E54:G54) | D54: SolanaTracker | F54: 53 | I54: 3164.51 | K54: =IF(COUNT(H54:J54)>=2,MAX(H54:J54)-MIN(H54:J54),"") | L54: =IF(ISNUMBER(K54),IF(MAX(ABS(MAX(H54:J54)),ABS(MIN(H54:J54)))=0,"",K54/MAX(ABS(MAX(H54:J54)),ABS(MIN(H54:J54)))),"") | M54: =IF(AND(ISNUMBER(K54),ISNUMBER(L54)),IF(AND(K54>=Ringkasan!$B$10,L54>=Ringkasan!$B$11),"yes",""),"") | Q54: fomo | U54: 54
A55: ESdowVD6fznGk3ydgBmkuvqH9NCC2EJhZpGhwaMNtmLv | C55: =COUNT(E55:G55) | D55: SolanaTracker | F55: 54 | I55: 3119.88 | K55: =IF(COUNT(H55:J55)>=2,MAX(H55:J55)-MIN(H55:J55),"") | L55: =IF(ISNUMBER(K55),IF(MAX(ABS(MAX(H55:J55)),ABS(MIN(H55:J55)))=0,"",K55/MAX(ABS(MAX(H55:J55)),ABS(MIN(H55:J55)))),"") | M55: =IF(AND(ISNUMBER(K55),ISNUMBER(L55)),IF(AND(K55>=Ringkasan!$B$10,L55>=Ringkasan!$B$11),"yes",""),"") | U55: 55
A56: ArrTLvxSmeBwcNomrRhsgikg9pfuUPvwdP4VDPfFSWr4 | B56: MajorFaint | C56: =COUNT(E56:G56) | D56: SolanaTracker | F56: 55 | I56: 3051.89 | K56: =IF(COUNT(H56:J56)>=2,MAX(H56:J56)-MIN(H56:J56),"") | L56: =IF(ISNUMBER(K56),IF(MAX(ABS(MAX(H56:J56)),ABS(MIN(H56:J56)))=0,"",K56/MAX(ABS(MAX(H56:J56)),ABS(MIN(H56:J56)))),"") | M56: =IF(AND(ISNUMBER(K56),ISNUMBER(L56)),IF(AND(K56>=Ringkasan!$B$10,L56>=Ringkasan!$B$11),"yes",""),"") | Q56: fomo | U56: 56
A57: 5aFK5vMMFCqfRyvx9E2YeZpcDiooE9iDzWACs9k7W2Ef | B57: fоmο | C57: =COUNT(E57:G57) | D57: SolanaTracker | F57: 56 | I57: 3047.39 | K57: =IF(COUNT(H57:J57)>=2,MAX(H57:J57)-MIN(H57:J57),"") | L57: =IF(ISNUMBER(K57),IF(MAX(ABS(MAX(H57:J57)),ABS(MIN(H57:J57)))=0,"",K57/MAX(ABS(MAX(H57:J57)),ABS(MIN(H57:J57)))),"") | M57: =IF(AND(ISNUMBER(K57),ISNUMBER(L57)),IF(AND(K57>=Ringkasan!$B$10,L57>=Ringkasan!$B$11),"yes",""),"") | Q57: fomo | U57: 57
A58: AWd1poTNmbsWZJqyUE6juB57WsgmVUTpXAAPnnSJEsfY | B58: moooooodeng | C58: =COUNT(E58:G58) | D58: SolanaTracker | F58: 57 | I58: 3025.84 | K58: =IF(COUNT(H58:J58)>=2,MAX(H58:J58)-MIN(H58:J58),"") | L58: =IF(ISNUMBER(K58),IF(MAX(ABS(MAX(H58:J58)),ABS(MIN(H58:J58)))=0,"",K58/MAX(ABS(MAX(H58:J58)),ABS(MIN(H58:J58)))),"") | M58: =IF(AND(ISNUMBER(K58),ISNUMBER(L58)),IF(AND(K58>=Ringkasan!$B$10,L58>=Ringkasan!$B$11),"yes",""),"") | Q58: axiom; pumpfun-app; sns | U58: 58
A59: 3gHrfi6t4xG2KEH4gga9HxLRYqws9iTKdkLG55NwaTZJ | B59: SkarraOG | C59: =COUNT(E59:G59) | D59: SolanaTracker | F59: 58 | I59: 2916.09 | K59: =IF(COUNT(H59:J59)>=2,MAX(H59:J59)-MIN(H59:J59),"") | L59: =IF(ISNUMBER(K59),IF(MAX(ABS(MAX(H59:J59)),ABS(MIN(H59:J59)))=0,"",K59/MAX(ABS(MAX(H59:J59)),ABS(MIN(H59:J59)))),"") | M59: =IF(AND(ISNUMBER(K59),ISNUMBER(L59)),IF(AND(K59>=Ringkasan!$B$10,L59>=Ringkasan!$B$11),"yes",""),"") | Q59: gmgn; terminal; axiom; pumpfun-app | U59: 59
A60: CR8hKrAUBBwA5zudqx5cVxda2ivgJnCZdC5Z4ua4us5x | C60: =COUNT(E60:G60) | D60: SolanaTracker | F60: 59 | I60: 2899.88 | K60: =IF(COUNT(H60:J60)>=2,MAX(H60:J60)-MIN(H60:J60),"") | L60: =IF(ISNUMBER(K60),IF(MAX(ABS(MAX(H60:J60)),ABS(MIN(H60:J60)))=0,"",K60/MAX(ABS(MAX(H60:J60)),ABS(MIN(H60:J60)))),"") | M60: =IF(AND(ISNUMBER(K60),ISNUMBER(L60)),IF(AND(K60>=Ringkasan!$B$10,L60>=Ringkasan!$B$11),"yes",""),"") | Q60: axiom | U60: 60
A61: 3VpLgxsEpYfXk3KDZpUBTC4k4idqmMBgTvemaeNzm8go | C61: =COUNT(E61:G61) | D61: SolanaTracker | F61: 60 | I61: 2885.16 | K61: =IF(COUNT(H61:J61)>=2,MAX(H61:J61)-MIN(H61:J61),"") | L61: =IF(ISNUMBER(K61),IF(MAX(ABS(MAX(H61:J61)),ABS(MIN(H61:J61)))=0,"",K61/MAX(ABS(MAX(H61:J61)),ABS(MIN(H61:J61)))),"") | M61: =IF(AND(ISNUMBER(K61),ISNUMBER(L61)),IF(AND(K61>=Ringkasan!$B$10,L61>=Ringkasan!$B$11),"yes",""),"") | Q61: axiom | U61: 61
A62: 2PXWP6M66QmLQdG3xnhJ7iFAdTra7Z1gUpfDYdmKZhEX | C62: =COUNT(E62:G62) | D62: SolanaTracker | F62: 61 | I62: 2819.44 | K62: =IF(COUNT(H62:J62)>=2,MAX(H62:J62)-MIN(H62:J62),"") | L62: =IF(ISNUMBER(K62),IF(MAX(ABS(MAX(H62:J62)),ABS(MIN(H62:J62)))=0,"",K62/MAX(ABS(MAX(H62:J62)),ABS(MIN(H62:J62)))),"") | M62: =IF(AND(ISNUMBER(K62),ISNUMBER(L62)),IF(AND(K62>=Ringkasan!$B$10,L62>=Ringkasan!$B$11),"yes",""),"") | Q62: potential_bot | U62: 62
A63: 3AodRvueJrHwMkcCWQWZ8B9oqNYcjeTXq3ZzS5nV9uK9 | C63: =COUNT(E63:G63) | D63: SolanaTracker | F63: 62 | I63: 2674.57 | K63: =IF(COUNT(H63:J63)>=2,MAX(H63:J63)-MIN(H63:J63),"") | L63: =IF(ISNUMBER(K63),IF(MAX(ABS(MAX(H63:J63)),ABS(MIN(H63:J63)))=0,"",K63/MAX(ABS(MAX(H63:J63)),ABS(MIN(H63:J63)))),"") | M63: =IF(AND(ISNUMBER(K63),ISNUMBER(L63)),IF(AND(K63>=Ringkasan!$B$10,L63>=Ringkasan!$B$11),"yes",""),"") | U63: 63
A64: Hb7pUL95LYCqYDJFvjVW8S2AB83NBBGw5oEEADzJnXUZ | C64: =COUNT(E64:G64) | D64: SolanaTracker | F64: 63 | I64: 2570.61 | K64: =IF(COUNT(H64:J64)>=2,MAX(H64:J64)-MIN(H64:J64),"") | L64: =IF(ISNUMBER(K64),IF(MAX(ABS(MAX(H64:J64)),ABS(MIN(H64:J64)))=0,"",K64/MAX(ABS(MAX(H64:J64)),ABS(MIN(H64:J64)))),"") | M64: =IF(AND(ISNUMBER(K64),ISNUMBER(L64)),IF(AND(K64>=Ringkasan!$B$10,L64>=Ringkasan!$B$11),"yes",""),"") | U64: 64
A65: 4PsB7xKZ6srTKNT3KQvYepdgKWLCKaB5DintUnjs4vb1 | B65: 64_ | C65: =COUNT(E65:G65) | D65: SolanaTracker | F65: 64 | I65: 2479.71 | K65: =IF(COUNT(H65:J65)>=2,MAX(H65:J65)-MIN(H65:J65),"") | L65: =IF(ISNUMBER(K65),IF(MAX(ABS(MAX(H65:J65)),ABS(MIN(H65:J65)))=0,"",K65/MAX(ABS(MAX(H65:J65)),ABS(MIN(H65:J65)))),"") | M65: =IF(AND(ISNUMBER(K65),ISNUMBER(L65)),IF(AND(K65>=Ringkasan!$B$10,L65>=Ringkasan!$B$11),"yes",""),"") | Q65: pumpfun-app | U65: 65
A66: Eh8ZKN76kaH2avqQgEZSbvNLnjab6nM41N1DAXWNE1YL | C66: =COUNT(E66:G66) | D66: SolanaTracker | F66: 65 | I66: 2469.35 | K66: =IF(COUNT(H66:J66)>=2,MAX(H66:J66)-MIN(H66:J66),"") | L66: =IF(ISNUMBER(K66),IF(MAX(ABS(MAX(H66:J66)),ABS(MIN(H66:J66)))=0,"",K66/MAX(ABS(MAX(H66:J66)),ABS(MIN(H66:J66)))),"") | M66: =IF(AND(ISNUMBER(K66),ISNUMBER(L66)),IF(AND(K66>=Ringkasan!$B$10,L66>=Ringkasan!$B$11),"yes",""),"") | Q66: axiom | U66: 66
A67: 13rMKjaMmjEJzvevoT5XwtivwoAzXay9dbNhdU15f5ZH | C67: =COUNT(E67:G67) | D67: SolanaTracker | F67: 66 | I67: 2462.79 | K67: =IF(COUNT(H67:J67)>=2,MAX(H67:J67)-MIN(H67:J67),"") | L67: =IF(ISNUMBER(K67),IF(MAX(ABS(MAX(H67:J67)),ABS(MIN(H67:J67)))=0,"",K67/MAX(ABS(MAX(H67:J67)),ABS(MIN(H67:J67)))),"") | M67: =IF(AND(ISNUMBER(K67),ISNUMBER(L67)),IF(AND(K67>=Ringkasan!$B$10,L67>=Ringkasan!$B$11),"yes",""),"") | Q67: gmgn; axiom | U67: 67
A68: EKRjEP1zJ7PgKMfV7a2GPPpAJDRBFm6mbNH7r5jgrfii | B68: The Winner | C68: =COUNT(E68:G68) | D68: SolanaTracker | F68: 67 | I68: 2444.1 | K68: =IF(COUNT(H68:J68)>=2,MAX(H68:J68)-MIN(H68:J68),"") | L68: =IF(ISNUMBER(K68),IF(MAX(ABS(MAX(H68:J68)),ABS(MIN(H68:J68)))=0,"",K68/MAX(ABS(MAX(H68:J68)),ABS(MIN(H68:J68)))),"") | M68: =IF(AND(ISNUMBER(K68),ISNUMBER(L68)),IF(AND(K68>=Ringkasan!$B$10,L68>=Ringkasan!$B$11),"yes",""),"") | Q68: fomo | U68: 68
A69: HgEMXPgmiVuJy2VPR5CqNTmTEir5j73te6jeEg9xXQhj | B69: milehigh90 | C69: =COUNT(E69:G69) | D69: SolanaTracker | F69: 68 | I69: 2429.78 | K69: =IF(COUNT(H69:J69)>=2,MAX(H69:J69)-MIN(H69:J69),"") | L69: =IF(ISNUMBER(K69),IF(MAX(ABS(MAX(H69:J69)),ABS(MIN(H69:J69)))=0,"",K69/MAX(ABS(MAX(H69:J69)),ABS(MIN(H69:J69)))),"") | M69: =IF(AND(ISNUMBER(K69),ISNUMBER(L69)),IF(AND(K69>=Ringkasan!$B$10,L69>=Ringkasan!$B$11),"yes",""),"") | Q69: terminal; pumpfun-app | U69: 69
A70: DS22w2we1qvcPtAKJhBCBf7aLdC4cqcrNtgSZLroeFv9 | C70: =COUNT(E70:G70) | D70: SolanaTracker | F70: 69 | I70: 2405.53 | K70: =IF(COUNT(H70:J70)>=2,MAX(H70:J70)-MIN(H70:J70),"") | L70: =IF(ISNUMBER(K70),IF(MAX(ABS(MAX(H70:J70)),ABS(MIN(H70:J70)))=0,"",K70/MAX(ABS(MAX(H70:J70)),ABS(MIN(H70:J70)))),"") | M70: =IF(AND(ISNUMBER(K70),ISNUMBER(L70)),IF(AND(K70>=Ringkasan!$B$10,L70>=Ringkasan!$B$11),"yes",""),"") | Q70: axiom | U70: 70
A71: 7xbz4bo1pM8ruVMjDskUa4Zr2ZGfqLqrGSNxAQ1SXWpX | C71: =COUNT(E71:G71) | D71: SolanaTracker | F71: 70 | I71: 2377.98 | K71: =IF(COUNT(H71:J71)>=2,MAX(H71:J71)-MIN(H71:J71),"") | L71: =IF(ISNUMBER(K71),IF(MAX(ABS(MAX(H71:J71)),ABS(MIN(H71:J71)))=0,"",K71/MAX(ABS(MAX(H71:J71)),ABS(MIN(H71:J71)))),"") | M71: =IF(AND(ISNUMBER(K71),ISNUMBER(L71)),IF(AND(K71>=Ringkasan!$B$10,L71>=Ringkasan!$B$11),"yes",""),"") | U71: 71
A72: EmxhsE5eJF6TZ8XJy7hjizjpACirUqpwFGkK4E2euZMP | B72: apeonfonecycle | C72: =COUNT(E72:G72) | D72: SolanaTracker | F72: 71 | I72: 2372.41 | K72: =IF(COUNT(H72:J72)>=2,MAX(H72:J72)-MIN(H72:J72),"") | L72: =IF(ISNUMBER(K72),IF(MAX(ABS(MAX(H72:J72)),ABS(MIN(H72:J72)))=0,"",K72/MAX(ABS(MAX(H72:J72)),ABS(MIN(H72:J72)))),"") | M72: =IF(AND(ISNUMBER(K72),ISNUMBER(L72)),IF(AND(K72>=Ringkasan!$B$10,L72>=Ringkasan!$B$11),"yes",""),"") | Q72: potential_bot; pumpfun-app | U72: 72
A73: Gd6DaJoQ3ZnRLbc1Gam27WUFfD4nyxjQ2rqyrSkeYH83 | C73: =COUNT(E73:G73) | D73: SolanaTracker | F73: 72 | I73: 2323.97 | K73: =IF(COUNT(H73:J73)>=2,MAX(H73:J73)-MIN(H73:J73),"") | L73: =IF(ISNUMBER(K73),IF(MAX(ABS(MAX(H73:J73)),ABS(MIN(H73:J73)))=0,"",K73/MAX(ABS(MAX(H73:J73)),ABS(MIN(H73:J73)))),"") | M73: =IF(AND(ISNUMBER(K73),ISNUMBER(L73)),IF(AND(K73>=Ringkasan!$B$10,L73>=Ringkasan!$B$11),"yes",""),"") | Q73: axiom | U73: 73
A74: HDUApJgLvgydExUht2MpEwfGmB1z8ifBHm2HjRF2d7Ce | C74: =COUNT(E74:G74) | D74: SolanaTracker | F74: 73 | I74: 2265.12 | K74: =IF(COUNT(H74:J74)>=2,MAX(H74:J74)-MIN(H74:J74),"") | L74: =IF(ISNUMBER(K74),IF(MAX(ABS(MAX(H74:J74)),ABS(MIN(H74:J74)))=0,"",K74/MAX(ABS(MAX(H74:J74)),ABS(MIN(H74:J74)))),"") | M74: =IF(AND(ISNUMBER(K74),ISNUMBER(L74)),IF(AND(K74>=Ringkasan!$B$10,L74>=Ringkasan!$B$11),"yes",""),"") | Q74: terminal; axiom | U74: 74
A75: 2BqTvkdyMMXk1aFThvRa9VcSeFG9i3iP8GAj2F6azX1y | C75: =COUNT(E75:G75) | D75: SolanaTracker | F75: 74 | I75: 2207.77 | K75: =IF(COUNT(H75:J75)>=2,MAX(H75:J75)-MIN(H75:J75),"") | L75: =IF(ISNUMBER(K75),IF(MAX(ABS(MAX(H75:J75)),ABS(MIN(H75:J75)))=0,"",K75/MAX(ABS(MAX(H75:J75)),ABS(MIN(H75:J75)))),"") | M75: =IF(AND(ISNUMBER(K75),ISNUMBER(L75)),IF(AND(K75>=Ringkasan!$B$10,L75>=Ringkasan!$B$11),"yes",""),"") | Q75: potential_bot | U75: 75
A76: 7xDrDWw3E9FaTkfnix5p9raznLioFEFLrTLKyDSY3rcR | B76: laicai | C76: =COUNT(E76:G76) | D76: SolanaTracker | F76: 75 | I76: 2205.95 | K76: =IF(COUNT(H76:J76)>=2,MAX(H76:J76)-MIN(H76:J76),"") | L76: =IF(ISNUMBER(K76),IF(MAX(ABS(MAX(H76:J76)),ABS(MIN(H76:J76)))=0,"",K76/MAX(ABS(MAX(H76:J76)),ABS(MIN(H76:J76)))),"") | M76: =IF(AND(ISNUMBER(K76),ISNUMBER(L76)),IF(AND(K76>=Ringkasan!$B$10,L76>=Ringkasan!$B$11),"yes",""),"") | Q76: potential_bot; gmgn; fomo | U76: 76
A77: GM7Hrz2bDq33ezMtL6KGidSWZXMWgZ6qBuugkb5H8NvN | B77: Beaver | C77: =COUNT(E77:G77) | D77: SolanaTracker | F77: 76 | I77: 2175.29 | K77: =IF(COUNT(H77:J77)>=2,MAX(H77:J77)-MIN(H77:J77),"") | L77: =IF(ISNUMBER(K77),IF(MAX(ABS(MAX(H77:J77)),ABS(MIN(H77:J77)))=0,"",K77/MAX(ABS(MAX(H77:J77)),ABS(MIN(H77:J77)))),"") | M77: =IF(AND(ISNUMBER(K77),ISNUMBER(L77)),IF(AND(K77>=Ringkasan!$B$10,L77>=Ringkasan!$B$11),"yes",""),"") | Q77: kol; axiom; pumpfun-app; sns | U77: 77
A78: 7j8Kuur875iLiBjamVSjyXfrbwdr2z2XV7WVKgthtrbx | B78: eodriozola | C78: =COUNT(E78:G78) | D78: SolanaTracker | F78: 77 | I78: 2169.77 | K78: =IF(COUNT(H78:J78)>=2,MAX(H78:J78)-MIN(H78:J78),"") | L78: =IF(ISNUMBER(K78),IF(MAX(ABS(MAX(H78:J78)),ABS(MIN(H78:J78)))=0,"",K78/MAX(ABS(MAX(H78:J78)),ABS(MIN(H78:J78)))),"") | M78: =IF(AND(ISNUMBER(K78),ISNUMBER(L78)),IF(AND(K78>=Ringkasan!$B$10,L78>=Ringkasan!$B$11),"yes",""),"") | Q78: fomo | U78: 78
A79: HL4mxRc42MnoMNSgb6XNNG2uysCcp9R9cnhUfMYFK16n | C79: =COUNT(E79:G79) | D79: SolanaTracker | F79: 78 | I79: 2162.26 | K79: =IF(COUNT(H79:J79)>=2,MAX(H79:J79)-MIN(H79:J79),"") | L79: =IF(ISNUMBER(K79),IF(MAX(ABS(MAX(H79:J79)),ABS(MIN(H79:J79)))=0,"",K79/MAX(ABS(MAX(H79:J79)),ABS(MIN(H79:J79)))),"") | M79: =IF(AND(ISNUMBER(K79),ISNUMBER(L79)),IF(AND(K79>=Ringkasan!$B$10,L79>=Ringkasan!$B$11),"yes",""),"") | Q79: axiom | U79: 79
A80: 5F8qXBPvyNBnoSWmA5oeDwK9SS3Hv29o36Pn8xVpBLYi | B80: genohh | C80: =COUNT(E80:G80) | D80: SolanaTracker | F80: 79 | I80: 2159.87 | K80: =IF(COUNT(H80:J80)>=2,MAX(H80:J80)-MIN(H80:J80),"") | L80: =IF(ISNUMBER(K80),IF(MAX(ABS(MAX(H80:J80)),ABS(MIN(H80:J80)))=0,"",K80/MAX(ABS(MAX(H80:J80)),ABS(MIN(H80:J80)))),"") | M80: =IF(AND(ISNUMBER(K80),ISNUMBER(L80)),IF(AND(K80>=Ringkasan!$B$10,L80>=Ringkasan!$B$11),"yes",""),"") | Q80: pumpfun-app | U80: 80
A81: 76Ycxumc9GKavhJYqNVCCM6ZCFrBySCKrcW2hmpVHMq4 | C81: =COUNT(E81:G81) | D81: SolanaTracker | F81: 80 | I81: 2153.16 | K81: =IF(COUNT(H81:J81)>=2,MAX(H81:J81)-MIN(H81:J81),"") | L81: =IF(ISNUMBER(K81),IF(MAX(ABS(MAX(H81:J81)),ABS(MIN(H81:J81)))=0,"",K81/MAX(ABS(MAX(H81:J81)),ABS(MIN(H81:J81)))),"") | M81: =IF(AND(ISNUMBER(K81),ISNUMBER(L81)),IF(AND(K81>=Ringkasan!$B$10,L81>=Ringkasan!$B$11),"yes",""),"") | Q81: axiom | U81: 81
A82: 6Tfx4PUcRM6in5SssSgWeSZMbjR1RJsLsqzA4u1V36ky | B82: lalalupsiy | C82: =COUNT(E82:G82) | D82: SolanaTracker | F82: 81 | I82: 2138.94 | K82: =IF(COUNT(H82:J82)>=2,MAX(H82:J82)-MIN(H82:J82),"") | L82: =IF(ISNUMBER(K82),IF(MAX(ABS(MAX(H82:J82)),ABS(MIN(H82:J82)))=0,"",K82/MAX(ABS(MAX(H82:J82)),ABS(MIN(H82:J82)))),"") | M82: =IF(AND(ISNUMBER(K82),ISNUMBER(L82)),IF(AND(K82>=Ringkasan!$B$10,L82>=Ringkasan!$B$11),"yes",""),"") | Q82: gmgn; terminal; pumpfun-app | U82: 82
A83: 8codemQrXGymCvPGLuNR6HXRSMfwnkiJsnpAxwACKu8E | C83: =COUNT(E83:G83) | D83: SolanaTracker | F83: 82 | I83: 2093.65 | K83: =IF(COUNT(H83:J83)>=2,MAX(H83:J83)-MIN(H83:J83),"") | L83: =IF(ISNUMBER(K83),IF(MAX(ABS(MAX(H83:J83)),ABS(MIN(H83:J83)))=0,"",K83/MAX(ABS(MAX(H83:J83)),ABS(MIN(H83:J83)))),"") | M83: =IF(AND(ISNUMBER(K83),ISNUMBER(L83)),IF(AND(K83>=Ringkasan!$B$10,L83>=Ringkasan!$B$11),"yes",""),"") | Q83: axiom | U83: 83
A84: 92DP5Xi5k5PqBGu3qqFAYvqTEG5cuVdBG58iwUGCtNN6 | C84: =COUNT(E84:G84) | D84: SolanaTracker | F84: 83 | I84: 2089.82 | K84: =IF(COUNT(H84:J84)>=2,MAX(H84:J84)-MIN(H84:J84),"") | L84: =IF(ISNUMBER(K84),IF(MAX(ABS(MAX(H84:J84)),ABS(MIN(H84:J84)))=0,"",K84/MAX(ABS(MAX(H84:J84)),ABS(MIN(H84:J84)))),"") | M84: =IF(AND(ISNUMBER(K84),ISNUMBER(L84)),IF(AND(K84>=Ringkasan!$B$10,L84>=Ringkasan!$B$11),"yes",""),"") | Q84: gmgn | U84: 84
A85: 6Fkqdevn3FPpMQPB8TrwAuawJxUuTsrzmFk2okaq9Cni | C85: =COUNT(E85:G85) | D85: SolanaTracker | F85: 84 | I85: 2083.52 | K85: =IF(COUNT(H85:J85)>=2,MAX(H85:J85)-MIN(H85:J85),"") | L85: =IF(ISNUMBER(K85),IF(MAX(ABS(MAX(H85:J85)),ABS(MIN(H85:J85)))=0,"",K85/MAX(ABS(MAX(H85:J85)),ABS(MIN(H85:J85)))),"") | M85: =IF(AND(ISNUMBER(K85),ISNUMBER(L85)),IF(AND(K85>=Ringkasan!$B$10,L85>=Ringkasan!$B$11),"yes",""),"") | Q85: axiom | U85: 85
A86: 97K6nsFhBWDKwQf6heDDhDtsCRC4779LPHSFZkc2zqK4 | B86: NikolaiX | C86: =COUNT(E86:G86) | D86: SolanaTracker | F86: 85 | I86: 2071.13 | K86: =IF(COUNT(H86:J86)>=2,MAX(H86:J86)-MIN(H86:J86),"") | L86: =IF(ISNUMBER(K86),IF(MAX(ABS(MAX(H86:J86)),ABS(MIN(H86:J86)))=0,"",K86/MAX(ABS(MAX(H86:J86)),ABS(MIN(H86:J86)))),"") | M86: =IF(AND(ISNUMBER(K86),ISNUMBER(L86)),IF(AND(K86>=Ringkasan!$B$10,L86>=Ringkasan!$B$11),"yes",""),"") | Q86: potential_bot; gmgn; pumpfun-app | U86: 86
A87: F8nSATqw9BUhMVTEs5g8QF7zjGDaPA15UMnDr5KpXjNG | C87: =COUNT(E87:G87) | D87: SolanaTracker | F87: 86 | I87: 2070.02 | K87: =IF(COUNT(H87:J87)>=2,MAX(H87:J87)-MIN(H87:J87),"") | L87: =IF(ISNUMBER(K87),IF(MAX(ABS(MAX(H87:J87)),ABS(MIN(H87:J87)))=0,"",K87/MAX(ABS(MAX(H87:J87)),ABS(MIN(H87:J87)))),"") | M87: =IF(AND(ISNUMBER(K87),ISNUMBER(L87)),IF(AND(K87>=Ringkasan!$B$10,L87>=Ringkasan!$B$11),"yes",""),"") | Q87: axiom | U87: 87
A88: 2EwnACc1Dh5M8bPyzrVdfqfza4PbiqvKV3fSvL9wFs28 | B88: fоmο | C88: =COUNT(E88:G88) | D88: SolanaTracker | F88: 87 | I88: 2049.82 | K88: =IF(COUNT(H88:J88)>=2,MAX(H88:J88)-MIN(H88:J88),"") | L88: =IF(ISNUMBER(K88),IF(MAX(ABS(MAX(H88:J88)),ABS(MIN(H88:J88)))=0,"",K88/MAX(ABS(MAX(H88:J88)),ABS(MIN(H88:J88)))),"") | M88: =IF(AND(ISNUMBER(K88),ISNUMBER(L88)),IF(AND(K88>=Ringkasan!$B$10,L88>=Ringkasan!$B$11),"yes",""),"") | Q88: potential_bot; fomo | U88: 88
A89: 6zrPw7fiBuqEs5xJVx3divSzAHPtLS75p9cJV4niHoDL | C89: =COUNT(E89:G89) | D89: SolanaTracker | F89: 88 | I89: 2038.03 | K89: =IF(COUNT(H89:J89)>=2,MAX(H89:J89)-MIN(H89:J89),"") | L89: =IF(ISNUMBER(K89),IF(MAX(ABS(MAX(H89:J89)),ABS(MIN(H89:J89)))=0,"",K89/MAX(ABS(MAX(H89:J89)),ABS(MIN(H89:J89)))),"") | M89: =IF(AND(ISNUMBER(K89),ISNUMBER(L89)),IF(AND(K89>=Ringkasan!$B$10,L89>=Ringkasan!$B$11),"yes",""),"") | Q89: potential_bot | U89: 89
A90: kEFiAX3jo5NmemysQov342TZ9mGh6yp92GDRjhA8XDf | C90: =COUNT(E90:G90) | D90: SolanaTracker | F90: 89 | I90: 2019.09 | K90: =IF(COUNT(H90:J90)>=2,MAX(H90:J90)-MIN(H90:J90),"") | L90: =IF(ISNUMBER(K90),IF(MAX(ABS(MAX(H90:J90)),ABS(MIN(H90:J90)))=0,"",K90/MAX(ABS(MAX(H90:J90)),ABS(MIN(H90:J90)))),"") | M90: =IF(AND(ISNUMBER(K90),ISNUMBER(L90)),IF(AND(K90>=Ringkasan!$B$10,L90>=Ringkasan!$B$11),"yes",""),"") | U90: 90
A91: EoHsfeh72zKoe3vzUPy8reJKaw7QEKRzw77hopV5yxQm | B91: heroicshark6283 | C91: =COUNT(E91:G91) | D91: SolanaTracker | F91: 90 | I91: 2017.54 | K91: =IF(COUNT(H91:J91)>=2,MAX(H91:J91)-MIN(H91:J91),"") | L91: =IF(ISNUMBER(K91),IF(MAX(ABS(MAX(H91:J91)),ABS(MIN(H91:J91)))=0,"",K91/MAX(ABS(MAX(H91:J91)),ABS(MIN(H91:J91)))),"") | M91: =IF(AND(ISNUMBER(K91),ISNUMBER(L91)),IF(AND(K91>=Ringkasan!$B$10,L91>=Ringkasan!$B$11),"yes",""),"") | Q91: pumpfun-app | U91: 91
A92: 7DrCZkVEqy6a2cJMmYoZANWL6GMBmJ99KwpTimWnhpgC | B92: relax | C92: =COUNT(E92:G92) | D92: SolanaTracker | F92: 91 | I92: 2004.95 | K92: =IF(COUNT(H92:J92)>=2,MAX(H92:J92)-MIN(H92:J92),"") | L92: =IF(ISNUMBER(K92),IF(MAX(ABS(MAX(H92:J92)),ABS(MIN(H92:J92)))=0,"",K92/MAX(ABS(MAX(H92:J92)),ABS(MIN(H92:J92)))),"") | M92: =IF(AND(ISNUMBER(K92),ISNUMBER(L92)),IF(AND(K92>=Ringkasan!$B$10,L92>=Ringkasan!$B$11),"yes",""),"") | Q92: fomo | U92: 92
A93: A2WnaaU5MjZpqGk7z4rwUD4di6BVinvx5JR2k7tjeiwg | C93: =COUNT(E93:G93) | D93: SolanaTracker | F93: 92 | I93: 2000.42 | K93: =IF(COUNT(H93:J93)>=2,MAX(H93:J93)-MIN(H93:J93),"") | L93: =IF(ISNUMBER(K93),IF(MAX(ABS(MAX(H93:J93)),ABS(MIN(H93:J93)))=0,"",K93/MAX(ABS(MAX(H93:J93)),ABS(MIN(H93:J93)))),"") | M93: =IF(AND(ISNUMBER(K93),ISNUMBER(L93)),IF(AND(K93>=Ringkasan!$B$10,L93>=Ringkasan!$B$11),"yes",""),"") | U93: 93
A94: FovSpZ93mKiTs6Ak4JFBkdCMdc1ATALDd6rP6BYtMTMc | C94: =COUNT(E94:G94) | D94: SolanaTracker | F94: 93 | I94: 1978.96 | K94: =IF(COUNT(H94:J94)>=2,MAX(H94:J94)-MIN(H94:J94),"") | L94: =IF(ISNUMBER(K94),IF(MAX(ABS(MAX(H94:J94)),ABS(MIN(H94:J94)))=0,"",K94/MAX(ABS(MAX(H94:J94)),ABS(MIN(H94:J94)))),"") | M94: =IF(AND(ISNUMBER(K94),ISNUMBER(L94)),IF(AND(K94>=Ringkasan!$B$10,L94>=Ringkasan!$B$11),"yes",""),"") | Q94: axiom | U94: 94
A95: FGTxbX6fW9T8uGHZ5GaR3W8z1N9u7ijYWb8NpG933EQa | C95: =COUNT(E95:G95) | D95: SolanaTracker | F95: 94 | I95: 1974.51 | K95: =IF(COUNT(H95:J95)>=2,MAX(H95:J95)-MIN(H95:J95),"") | L95: =IF(ISNUMBER(K95),IF(MAX(ABS(MAX(H95:J95)),ABS(MIN(H95:J95)))=0,"",K95/MAX(ABS(MAX(H95:J95)),ABS(MIN(H95:J95)))),"") | M95: =IF(AND(ISNUMBER(K95),ISNUMBER(L95)),IF(AND(K95>=Ringkasan!$B$10,L95>=Ringkasan!$B$11),"yes",""),"") | Q95: axiom | U95: 95
A96: 7DZXLxzshW8HnKeE5b8EDi4MKEJzBvS3z2rJnMWNJeQX | C96: =COUNT(E96:G96) | D96: SolanaTracker | F96: 95 | I96: 1964.1 | K96: =IF(COUNT(H96:J96)>=2,MAX(H96:J96)-MIN(H96:J96),"") | L96: =IF(ISNUMBER(K96),IF(MAX(ABS(MAX(H96:J96)),ABS(MIN(H96:J96)))=0,"",K96/MAX(ABS(MAX(H96:J96)),ABS(MIN(H96:J96)))),"") | M96: =IF(AND(ISNUMBER(K96),ISNUMBER(L96)),IF(AND(K96>=Ringkasan!$B$10,L96>=Ringkasan!$B$11),"yes",""),"") | Q96: potential_bot; gmgn | U96: 96
A97: 5mugTxv47CQVXmgVQ6TmCL72Ydhsq8DNnGh8vzdu6pW | B97: Kdotkrisp | C97: =COUNT(E97:G97) | D97: SolanaTracker | F97: 96 | I97: 1958.88 | K97: =IF(COUNT(H97:J97)>=2,MAX(H97:J97)-MIN(H97:J97),"") | L97: =IF(ISNUMBER(K97),IF(MAX(ABS(MAX(H97:J97)),ABS(MIN(H97:J97)))=0,"",K97/MAX(ABS(MAX(H97:J97)),ABS(MIN(H97:J97)))),"") | M97: =IF(AND(ISNUMBER(K97),ISNUMBER(L97)),IF(AND(K97>=Ringkasan!$B$10,L97>=Ringkasan!$B$11),"yes",""),"") | Q97: fomo | U97: 97
A98: HeaPzXgCqcqwooBUEksNBBMJPM76qPZj2GPRn4Up4E21 | C98: =COUNT(E98:G98) | D98: SolanaTracker | F98: 97 | I98: 1929.34 | K98: =IF(COUNT(H98:J98)>=2,MAX(H98:J98)-MIN(H98:J98),"") | L98: =IF(ISNUMBER(K98),IF(MAX(ABS(MAX(H98:J98)),ABS(MIN(H98:J98)))=0,"",K98/MAX(ABS(MAX(H98:J98)),ABS(MIN(H98:J98)))),"") | M98: =IF(AND(ISNUMBER(K98),ISNUMBER(L98)),IF(AND(K98>=Ringkasan!$B$10,L98>=Ringkasan!$B$11),"yes",""),"") | Q98: potential_bot | U98: 98
A99: 5aLY85pyxiuX3fd4RgM3Yc1e3MAL6b7UgaZz6MS3JUfG | C99: =COUNT(E99:G99) | D99: SolanaTracker | F99: 98 | I99: 1923.89 | K99: =IF(COUNT(H99:J99)>=2,MAX(H99:J99)-MIN(H99:J99),"") | L99: =IF(ISNUMBER(K99),IF(MAX(ABS(MAX(H99:J99)),ABS(MIN(H99:J99)))=0,"",K99/MAX(ABS(MAX(H99:J99)),ABS(MIN(H99:J99)))),"") | M99: =IF(AND(ISNUMBER(K99),ISNUMBER(L99)),IF(AND(K99>=Ringkasan!$B$10,L99>=Ringkasan!$B$11),"yes",""),"") | U99: 99
A100: 7ydmEh9fxiAy6NzbGmdWSaujAwsti51kEXULGtrszHCa | B100: Cody Stoltzfus | C100: =COUNT(E100:G100) | D100: SolanaTracker | F100: 99 | I100: 1890.5 | K100: =IF(COUNT(H100:J100)>=2,MAX(H100:J100)-MIN(H100:J100),"") | L100: =IF(ISNUMBER(K100),IF(MAX(ABS(MAX(H100:J100)),ABS(MIN(H100:J100)))=0,"",K100/MAX(ABS(MAX(H100:J100)),ABS(MIN(H100:J100)))),"") | M100: =IF(AND(ISNUMBER(K100),ISNUMBER(L100)),IF(AND(K100>=Ringkasan!$B$10,L100>=Ringkasan!$B$11),"yes",""),"") | Q100: fomo | U100: 100
...

Sheet Vybe
A1: Tidak ada data dari Vybe.
A2: Status: gagal
A3: Error: Vybe returned no traders for this token.

Sheet SolanaTracker
A1: rank | B1: wallet | C1: labels | D1: identity_name | E1: realized_pnl_usd | F1: unrealized_pnl_usd | G1: total_pnl_usd | H1: roi | I1: invested_usd | J1: proceeds_usd | K1: buys | L1: sells | M1: first_trade_utc | N1: last_trade_utc | O1: hold_time_secs | P1: balance | Q1: value_usd | R1: wallet_lifetime_realized_pnl_usd | S1: wallet_lifetime_trades | T1: wallet_tokens_traded
A2: 1 | B2: 3jvB7JMR7QhTqohucrQqiB6UPazbB8e2Zo6mQSKDCCGq | C2: gmgn;axiom;pumpfun-app;bloom | D2: SandySulkyFruit | E2: 20801.32 | F2: 0 | G2: 20801.32 | H2: 269.88 | I2: 7707.64 | J2: 28508.96 | K2: 10 | L2: 24 | M2: 2026-09-17T19:15:49Z | N2: 2026-09-26T04:36:55Z | O2: 724866 | P2: 0 | Q2: 0 | R2: 230839.18 | S2: 2114 | T2: 470
A3: 2 | B3: AYZryL5JYFhAJ7PtA9uvebDqcFrifcPTucvDyjbd7xzN | C3: terminal;axiom | E3: 18694.13 | F3: 0 | G3: 18694.13 | H3: 1707.63 | I3: 1094.74 | J3: 19788.87 | K3: 3 | L3: 44 | M3: 2026-09-17T19:14:52Z | N3: 2026-09-17T19:27:20Z | O3: 749 | P3: 0 | Q3: 0 | R3: 217779.29 | S3: 10981 | T3: 2679
A4: 3 | B4: 4CwrH924ZreiA4rjEfWRbVa28LrzYb18EBjGhLLZwBjX | C4: potential_bot;fomo | D4: Spoily | E4: 18640.15 | F4: 0 | G4: 18640.15 | H4: 503.94 | I4: 3698.9 | J4: 22339.05 | K4: 8 | L4: 14 | M4: 2026-09-17T19:14:20Z | N4: 2026-09-26T04:28:57Z | O4: 724477 | P4: 0 | Q4: 0 | R4: 88417.99 | S4: 2475 | T4: 674
A5: 4 | B5: 8Hh4H35D498baNnWXdsAct6pj5LtnkNS1Xi8KtQq6huK | C5: fomo | D5: Saif | E5: 15226.57 | F5: 0 | G5: 15226.57 | H5: 298.56 | I5: 5100 | J5: 20326.57 | K5: 5 | L5: 14 | M5: 2026-09-17T19:16:03Z | N5: 2026-09-26T15:56:16Z | O5: 765614 | P5: 0 | Q5: 0 | R5: 34836.66 | S5: 1670 | T5: 480
A6: 5 | B6: EJFEveW2fy9o7ARLpU7ch7aHbPwK3hLKGTmQ9EkNZa43 | C6: fomo | D6: FirmDeafFox | E6: 14197.44 | F6: 0 | G6: 14197.44 | H6: 1130.15 | I6: 1256.25 | J6: 15453.68 | K6: 2 | L6: 5 | M6: 2026-09-24T14:07:54Z | N6: 2026-09-26T04:23:45Z | O6: 137751 | P6: 0 | Q6: 0 | R6: 8077.47 | S6: 589 | T6: 76
A7: 6 | B7: 4nQ4VWTAadJB2sgQqabBVBft3VPpQcHi3RdX2qcJZTMD | C7: axiom | E7: 11818.44 | F7: 0 | G7: 11818.44 | H7: 1469.67 | I7: 804.15 | J7: 12622.6 | K7: 8 | L7: 32 | M7: 2026-09-17T19:12:39Z | N7: 2026-09-17T22:40:02Z | O7: 2376080 | P7: 5.587935e-09 | Q7: 0 | R7: -21131.84 | S7: 3793 | T7: 913
A8: 7 | B8: 3ULrdcEaBHsXACWnMo6foav1nkV7QDsPipsUyY2fT5AS | C8: potential_bot;pumpfun-app | D8: newlobster60567 | E8: 11324.02 | F8: 0 | G8: 11324.02 | H8: 218.41 | I8: 5184.73 | J8: 16508.75 | K8: 39 | L8: 47 | M8: 2026-09-17T21:20:30Z | N8: 2026-09-22T02:14:12Z | O8: 363222 | P8: 0 | Q8: 0 | R8: 811646.17 | S8: 3126 | T8: 173
A9: 8 | B9: CyaE1VxvBrahnPWkqm5VsdCvyS2QmNht2UFrKJHga54o | C9: kol;terminal;axiom;photon;pumpfun-app;bloom;sns | D9: Cented | E9: 10423.99 | F9: 0 | G9: 10423.99 | H9: 252.65 | I9: 4125.82 | J9: 14549.81 | K9: 10 | L9: 20 | M9: 2026-09-17T19:15:44Z | N9: 2026-09-17T19:43:42Z | O9: 2375894 | P9: 5.122274e-09 | Q9: 0 | R9: 14378891 | S9: 552547 | T9: 107759
A10: 9 | B10: 5B79fMkcFeRTiwm7ehsZsFiKsC7m7n1Bgv9yLxPp9q2X | C10: kol;axiom;sns | D10: bandit | E10: 10400.93 | F10: 0 | G10: 10400.93 | H10: 1970.84 | I10: 527.74 | J10: 10928.67 | K10: 4 | L10: 8 | M10: 2026-09-17T19:12:08Z | N10: 2026-09-17T19:36:15Z | O10: 1447 | P10: 0 | Q10: 0 | R10: 1512535.9 | S10: 163123 | T10: 29972
A11: 10 | B11: EYkRnmNfmSFUkzz4vYE2uii2UW2cTSr2Urf32BUkUX9k | E11: 9666.4 | F11: 0 | G11: 9666.4 | H11: 0 | I11: 0 | J11: 9666.4 | K11: 0 | L11: 16 | M11: 2026-09-26T03:45:34Z | N11: 2026-09-26T04:21:36Z | P11: 0 | Q11: 0 | R11: 9666.4 | S11: 16 | T11: 1
A12: 11 | B12: 3nLh14fRyZr1EBpp7jJqwBqKt8uLBFZ1rTmVTfLvnkfj | C12: potential_bot;axiom | E12: 9051.79 | F12: 0 | G12: 9051.79 | H12: 513.63 | I12: 1762.33 | J12: 10814.13 | K12: 6 | L12: 19 | M12: 2026-09-17T19:18:26Z | N12: 2026-09-24T23:09:28Z | O12: 618662 | P12: 0 | Q12: 0 | R12: 497256.03 | S12: 14370 | T12: 2255
A13: 12 | B13: 5tNXmLdWCY58mjGVn6a6hTxLqyDntKAetwWcLaphRnL | C13: axiom | E13: 8497.26 | F13: 0 | G13: 8497.26 | H13: 723.09 | I13: 1175.14 | J13: 9672.39 | K13: 2 | L13: 8 | M13: 2026-09-24T23:18:53Z | N13: 2026-09-26T04:27:27Z | O13: 1756505 | P13: 2.32831e-10 | Q13: 0 | R13: 6921.87 | S13: 49 | T13: 8
A14: 13 | B14: WJWQRpigXNgnMH8wdjLuo5XfuY3sk6WHc3DAaBXf8Vx | C14: axiom | E14: 7679.67 | F14: 0 | G14: 7679.67 | H14: 874.61 | I14: 878.07 | J14: 8557.75 | K14: 6 | L14: 3 | M14: 2026-09-17T19:19:31Z | N14: 2026-09-18T01:00:12Z | O14: 20441 | P14: 0 | Q14: 0 | R14: 1364.61 | S14: 2038 | T14: 589
A15: 14 | B15: 922M9fBTzwGfC4Gqu3WxB8S89WHaTfVAUZKwK5PNtZpk | C15: potential_bot | E15: 7145.46 | F15: 0 | G15: 7145.46 | H15: 5.17 | I15: 138203.95 | J15: 145345 | K15: 260 | L15: 2598 | M15: 2026-09-17T19:25:36Z | N15: 2026-09-26T12:38:36Z | O15: 753181 | P15: 0 | Q15: 0 | R15: 1134227.4 | S15: 598129 | T15: 2830
A16: 15 | B16: HyGWBXCTcSW3F9dPdZhz5RD4ubjKyjmMccArDSEBfYxM | C16: terminal;axiom | E16: 6992.96 | F16: 0 | G16: 6992.96 | H16: 274.27 | I16: 2549.65 | J16: 9542.62 | K16: 3 | L16: 11 | M16: 2026-09-17T19:21:37Z | N16: 2026-09-17T19:36:34Z | O16: 2375542 | P16: 4.07454e-10 | Q16: 0 | R16: 38895.84 | S16: 1302 | T16: 348
A17: 16 | B17: 5pHeNsWMVEi1cbMzLhgqABnhEUwRTSzy5vBfeGWyJfxS | C17: potential_bot;fomo | D17: ‎ ‎ ‎ | E17: 6435.1 | F17: 0 | G17: 6435.1 | H17: 31.37 | I17: 20512.8 | J17: 26947.9 | K17: 23 | L17: 18 | M17: 2026-09-17T19:25:49Z | N17: 2026-09-27T17:57:06Z | O17: 858677 | P17: 0 | Q17: 0 | R17: -42618.23 | S17: 2232 | T17: 144
A18: 17 | B18: 6dC4Rvt1c6mv6M27QeAxRCCbXjUaZPFRZPxZn2rLXN7s | C18: potential_bot;gmgn;axiom | E18: 6405.29 | F18: 0 | G18: 6405.29 | H18: 490.9 | I18: 1304.8 | J18: 7710.09 | K18: 10 | L18: 82 | M18: 2026-09-17T19:15:02Z | N18: 2026-09-17T19:35:21Z | O18: 1219 | P18: 0 | Q18: 0 | R18: 78093.31 | S18: 4902 | T18: 1124
A19: 18 | B19: 1CNg1DM3egT1qiHNFNFNAFsCmgpczHHJk2fZdnkJyUv | C19: potential_bot;terminal;axiom | E19: 6014.38 | F19: 0 | G19: 6014.38 | H19: 0 | I19: 0 | J19: 6014.38 | K19: 0 | L19: 2 | M19: 2026-09-28T22:55:31Z | N19: 2026-09-28T22:55:32Z | P19: 0 | Q19: 0 | R19: 64334.79 | S19: 497 | T19: 182
A20: 19 | B20: 8HH3M6SfUCC9yGM3ytaFQWnDc19tSBYCNJBnqeWaQ8Xb | C20: pumpfun-app | D20: fomo_sexual | E20: 5839.45 | F20: 0 | G20: 5839.45 | H20: 91.67 | I20: 6370.11 | J20: 12209.56 | K20: 4 | L20: 2 | M20: 2026-09-17T19:19:21Z | N20: 2026-09-17T21:58:10Z | O20: 9529 | P20: 0 | Q20: 0 | R20: 462993.45 | S20: 2606 | T20: 567
A21: 20 | B21: 3EmnFHt5dFo5RW4oJf4zruBKJtm2gNgTkGCB5n6dXDvf | C21: fomo | E21: 5696.76 | F21: 0 | G21: 5696.76 | H21: 131.84 | I21: 4321 | J21: 10017.76 | K21: 3 | L21: 4 | M21: 2026-09-17T19:23:07Z | N21: 2026-09-17T21:25:18Z | O21: 7331 | P21: 0 | Q21: 0 | R21: 15024.59 | S21: 673 | T21: 220
A22: 21 | B22: gasBidSWW5zmwXs3gn8TG2ijzKkrwpyM7ucwjgDQst6 | C22: potential_bot | E22: 5684.03 | F22: 0 | G22: 5684.03 | H22: 267.46 | I22: 2125.18 | J22: 7809.2 | K22: 64 | L22: 89 | M22: 2026-09-17T21:15:35Z | N22: 2026-09-26T04:04:59Z | O22: 715763 | P22: 0 | Q22: 0 | R22: 7942952.5 | S22: 186047 | T22: 2291
A23: 22 | B23: 2tiFfUNd4HEYg5XtSiNgrfptZ5LSjNU4dCFbg5YqWbBz | C23: gmgn;axiom | E23: 5145.71 | F23: 0 | G23: 5145.71 | H23: 740.96 | I23: 694.46 | J23: 5840.17 | K23: 4 | L23: 20 | M23: 2026-09-17T19:17:12Z | N23: 2026-09-17T19:23:19Z | O23: 367 | P23: 0 | Q23: 0 | R23: 41704.44 | S23: 9517 | T23: 779
A24: 23 | B24: nMK9myLJSftWpbacFUnaHx5bG3VUmbucghQMyHMgFZU | C24: axiom | E24: 5109.42 | F24: 0 | G24: 5109.42 | H24: 289.85 | I24: 1762.81 | J24: 6872.22 | K24: 3 | L24: 5 | M24: 2026-09-24T23:19:48Z | N24: 2026-09-26T03:16:08Z | O24: 100580 | P24: 0 | Q24: 0 | R24: -2755.72 | S24: 259 | T24: 34
A25: 24 | B25: 4xd3Y2qvX43wwfLupdQVsE5ZTpnhXmpn8Dmf4Hufkj9n | C25: axiom | E25: 4729 | F25: 0 | G25: 4729 | H25: 24.98 | I25: 18929.66 | J25: 23658.66 | K25: 47 | L25: 34 | M25: 2026-09-17T19:25:44Z | N25: 2026-09-17T20:01:01Z | O25: 2375294 | P25: 8.847564e-09 | Q25: 0 | R25: 471800.61 | S25: 38811 | T25: 7690
A26: 25 | B26: DXYo85dMRjN72mEwwMADfPcsSknup9D7aoH9TExCDpns | C26: gmgn;axiom;pumpfun-app | D26: robustorca18145 | E26: 4724.37 | F26: 0 | G26: 4724.37 | H26: 392.06 | I26: 1205.02 | J26: 5929.4 | K26: 9 | L26: 56 | M26: 2026-09-17T19:15:02Z | N26: 2026-09-17T19:35:32Z | O26: 1231 | P26: 0 | Q26: 0 | R26: 213533.38 | S26: 10578 | T26: 1973
A27: 26 | B27: a9Cct2wpjn4vWSR4rsytxm1URyk6vTXo4RTqXFpjyvD | C27: axiom | E27: 4707.28 | F27: 0 | G27: 4707.28 | H27: 795.98 | I27: 591.38 | J27: 5298.67 | K27: 6 | L27: 26 | M27: 2026-09-17T19:15:02Z | N27: 2026-09-17T19:44:37Z | O27: 2375936 | P27: 1.164153e-09 | Q27: 0 | R27: 267973.09 | S27: 220155 | T27: 28296
A28: 27 | B28: ALiRQQjiJtfT44VcgLCur12oftvcSjnbUhZJJMPCxyi9 | C28: gmgn;axiom | E28: 4632.82 | F28: 0 | G28: 4632.82 | H28: 785.07 | I28: 590.11 | J28: 5222.93 | K28: 4 | L28: 19 | M28: 2026-09-17T19:17:12Z | N28: 2026-09-17T19:23:12Z | O28: 361 | P28: 0 | Q28: 0 | R28: 33267.11 | S28: 7585 | T28: 730
A29: 28 | B29: 4t6pyETLEd3o7Esm2zhqPVduti4fKXJWPtGWTYZtNLg6 | C29: terminal;fomo | D29: 🖰 | E29: 4597.56 | F29: 0 | G29: 4597.56 | H29: 171.81 | I29: 2676.01 | J29: 7273.57 | K29: 7 | L29: 5 | M29: 2026-09-17T19:22:57Z | N29: 2026-09-17T21:00:26Z | O29: 5849 | P29: 0 | Q29: 0 | R29: 4799.06 | S29: 535 | T29: 125
A30: 29 | B30: 72qiszPvrwpXQesTUaiEeMEYtbXZ8Lqa2jkHuwSoR4Rs | C30: fomo | D30: shrimproll | E30: 4588.24 | F30: 0 | G30: 4588.24 | H30: 30.21 | I30: 15187.53 | J30: 19775.77 | K30: 5 | L30: 20 | M30: 2026-09-17T19:24:00Z | N30: 2026-09-26T04:22:46Z | O30: 723526 | P30: 0 | Q30: 0 | R30: 8892.45 | S30: 194 | T30: 59
A31: 30 | B31: FT9cwJgg2vf6JcqvEe7A2SAxt469F7zBLtyhsqYW2YvH | C31: pumpfun-app | D31: zixzah | E31: 4492.97 | F31: 0 | G31: 4492.97 | H31: 184.92 | I31: 2429.69 | J31: 6922.66 | K31: 4 | L31: 20 | M31: 2026-09-17T19:18:30Z | N31: 2026-09-18T22:22:23Z | O31: 97434 | P31: 0 | Q31: 0 | R31: -53912.25 | S31: 1291 | T31: 480
A32: 31 | B32: AoQhsez9FxzbJuwhCDJiwCkDSYbvGv3khYAy8StH9R6V | C32: pumpfun-app | D32: Soltranza | E32: 4369.4 | F32: 0 | G32: 4369.4 | H32: 32.52 | I32: 13434.18 | J32: 17803.58 | K32: 121 | L32: 96 | M32: 2026-09-19T14:42:19Z | N32: 2026-10-13T15:38:23Z | O32: 2076965 | P32: 0 | Q32: 0 | R32: 161907.32 | S32: 9765 | T32: 183
A33: 32 | B33: HaxVjQgLK9yjdMerZtwsEgPcJReEi42fEgQ33BihsDRc | C33: terminal;axiom | E33: 4220.83 | F33: 0 | G33: 4220.83 | H33: 563.26 | I33: 749.36 | J33: 4970.19 | K33: 14 | L33: 66 | M33: 2026-09-17T19:17:21Z | N33: 2026-09-17T19:28:49Z | O33: 688 | P33: 0 | Q33: 0 | R33: 10867.43 | S33: 2495 | T33: 429
A34: 33 | B34: BGb7SiB1hw9bAbUarByVksALdXaz5iaD8mCKQRZJvK7T | C34: terminal;axiom | E34: 4176.39 | F34: 0 | G34: 4176.39 | H34: 543.98 | I34: 767.74 | J34: 4944.13 | K34: 14 | L34: 66 | M34: 2026-09-17T19:17:21Z | N34: 2026-09-17T19:28:49Z | O34: 688 | P34: 0 | Q34: 0 | R34: 2455.62 | S34: 1625 | T34: 332
A35: 34 | B35: MRLJSy9LVb6Qy53ae1jXrsKEQW2vS7J4uSsUHBxes5N | C35: terminal;axiom | E35: 4154.42 | F35: 0 | G35: 4154.42 | H35: 576.89 | I35: 720.14 | J35: 4874.56 | K35: 14 | L35: 66 | M35: 2026-09-17T19:17:21Z | N35: 2026-09-17T19:28:49Z | O35: 688 | P35: 0 | Q35: 0 | R35: 5385.29 | S35: 2596 | T35: 423
A36: 35 | B36: 9cAz6WUKH4UNqzv6uT7TWitp8QHExBoFt3cTqrPBLGFq | C36: axiom | E36: 4040.3 | F36: 0 | G36: 4040.3 | H36: 5125.89 | I36: 78.82 | J36: 4119.12 | K36: 2 | L36: 5 | M36: 2026-09-17T19:14:32Z | N36: 2026-09-17T19:43:35Z | O36: 1742 | P36: 0 | Q36: 0 | R36: 10921.44 | S36: 678 | T36: 235
A37: 36 | B37: BnNMkMRhQmAd56KPN9141ULX9HhPmQrkSzYxr8CCPbyX | C37: axiom;pumpfun-app | D37: flatkraken21075 | E37: 4033.66 | F37: 0 | G37: 4033.66 | H37: 280.83 | I37: 1436.32 | J37: 5469.97 | K37: 8 | L37: 14 | M37: 2026-09-17T19:15:05Z | N37: 2026-09-18T17:08:08Z | O37: 78783 | P37: 0 | Q37: 0 | R37: 116526.73 | S37: 23820 | T37: 5154
A38: 37 | B38: Bp95jUJaBUc4ZQ2c5c2V6YMf1FEDDUMKRCXdkYBvoTXx | C38: gmgn;axiom | E38: 3977.37 | F38: 0 | G38: 3977.37 | H38: 706.72 | I38: 562.79 | J38: 4540.17 | K38: 4 | L38: 16 | M38: 2026-09-17T19:17:12Z | N38: 2026-09-17T19:24:00Z | O38: 408 | P38: 0 | Q38: 0 | R38: 40107.96 | S38: 6631 | T38: 681
A39: 38 | B39: fagtUj7V7wKxSo2Jjc1NfcBexwnygGYbTYgN9eNXx8X | C39: terminal;axiom | E39: 3942.66 | F39: 0 | G39: 3942.66 | H39: 548.55 | I39: 718.75 | J39: 4661.41 | K39: 14 | L39: 66 | M39: 2026-09-17T19:17:21Z | N39: 2026-09-17T19:28:49Z | O39: 688 | P39: 0 | Q39: 0 | R39: 6712.5 | S39: 2682 | T39: 429
A40: 39 | B40: BUkTdidtehRJ6YvKDErxcFaoEGTVTEtKHedePgE6Pq4z | C40: gmgn;axiom | E40: 3888.33 | F40: 0 | G40: 3888.33 | H40: 613.18 | I40: 634.12 | J40: 4522.45 | K40: 4 | L40: 16 | M40: 2026-09-17T19:17:12Z | N40: 2026-09-17T19:23:26Z | O40: 374 | P40: 0 | Q40: 0 | R40: 38621.3 | S40: 6638 | T40: 678
A41: 40 | B41: HaJHNvK7htkYMmzFvHSoJBcE9ZPz46MpF5hQSpbTEsoD | C41: fomo | E41: 3814.93 | F41: 0 | G41: 3814.93 | H41: 117.37 | I41: 3250.38 | J41: 7065.32 | K41: 5 | L41: 4 | M41: 2026-09-17T19:24:29Z | N41: 2026-09-18T02:21:09Z | O41: 2375370 | P41: 3.49246e-10 | Q41: 0 | R41: -22044.89 | S41: 844 | T41: 261
A42: 41 | B42: 8NVkytV1CtoNBXGFtwXwh4KQdbgVcA6hFmym1gMuRHru | C42: terminal;axiom | E42: 3786.37 | F42: 0 | G42: 3786.37 | H42: 673.48 | I42: 562.21 | J42: 4348.58 | K42: 1 | L42: 40 | M42: 2026-09-17T19:17:22Z | N42: 2026-09-17T19:48:38Z | O42: 2375796 | P42: 4.65661e-10 | Q42: 0 | R42: 1606577.3 | S42: 123438 | T42: 29116
A43: 42 | B43: F5vgPDmbuBDUuBtVtgCvKQV3FYjj9XESVMWhQopv8wiu | C43: gmgn;axiom | E43: 3780.52 | F43: 0 | G43: 3780.52 | H43: 724.09 | I43: 522.11 | J43: 4302.63 | K43: 4 | L43: 15 | M43: 2026-09-17T19:17:12Z | N43: 2026-09-17T19:23:23Z | O43: 371 | P43: 0 | Q43: 0 | R43: 37143.39 | S43: 7061 | T43: 721
A44: 43 | B44: HTj39cpttcxAZJgG2BbubFxZ3UVKtTN2X2Yjwj4zBB3n | C44: potential_bot | E44: 3779.71 | F44: 0 | G44: 3779.71 | H44: 0 | I44: 0 | J44: 3779.71 | K44: 0 | L44: 1 | M44: 2026-09-17T19:46:56Z | N44: 2026-09-17T19:46:56Z | P44: 0 | Q44: 0 | R44: 392255.5 | S44: 794 | T44: 228
A45: 44 | B45: Czhmsewv9eM86H7B8a2RQH4J5Du2em5sei6qpBwBg6oX | C45: terminal;axiom | E45: 3748.9 | F45: 0 | G45: 3748.9 | H45: 571.52 | I45: 655.95 | J45: 4404.86 | K45: 14 | L45: 66 | M45: 2026-09-17T19:17:21Z | N45: 2026-09-17T19:28:49Z | O45: 688 | P45: 0 | Q45: 0 | R45: 3768.47 | S45: 2299 | T45: 411
A46: 45 | B46: 619F3XLsNzUp6FoP7AM5bkWvz8FcpgWxwXz9QWEvuxeS | C46: bloom | E46: 3604.48 | F46: 0 | G46: 3604.48 | H46: 105.61 | I46: 3412.89 | J46: 7017.37 | K46: 2 | L46: 6 | M46: 2026-09-26T00:20:49Z | N46: 2026-09-26T04:30:44Z | O46: 14994 | P46: 0 | Q46: 0 | R46: 74106.31 | S46: 744 | T46: 151
A47: 46 | B47: 3LssL9Q9L8rTa5vnT8YUorukVxLP7nPawt4gcBywMeDN | C47: axiom | E47: 3477.93 | F47: 0 | G47: 3477.93 | H47: 202.5 | I47: 1717.49 | J47: 5195.42 | K47: 2 | L47: 13 | M47: 2026-09-18T21:58:02Z | N47: 2026-09-18T23:44:40Z | O47: 6399 | P47: 0 | Q47: 0 | R47: 2044.69 | S47: 98 | T47: 22
A48: 47 | B48: 5cytp5CRc34XfbFFfoBafFRdxmAUjERgrqqfKJiy2cF5 | C48: gmgn;axiom | E48: 3451 | F48: 0 | G48: 3451 | H48: 605.74 | I48: 569.72 | J48: 4020.72 | K48: 4 | L48: 31 | M48: 2026-09-17T19:17:12Z | N48: 2026-09-17T19:23:08Z | O48: 356 | P48: 0 | Q48: 0 | R48: 49252.75 | S48: 7869 | T48: 757
A49: 48 | B49: 4ktUkQzKZBTFVLtMdRB8adLZzmxXRBHxDwzXUpS4D3nd | E49: 3377.95 | F49: 0 | G49: 3377.95 | H49: 0 | I49: 0 | J49: 3377.95 | K49: 0 | L49: 7 | M49: 2026-09-26T04:21:57Z | N49: 2026-09-28T19:22:14Z | P49: 0 | Q49: 0 | R49: 23263.24 | S49: 549 | T49: 107
A50: 49 | B50: B5iWGT3Vuv3bpXpA1khPiMUcEjXQytTTrvCrE6vfDuHY | E50: 3356.11 | F50: 0 | G50: 3356.11 | H50: 52.48 | I50: 6395.5 | J50: 9751.61 | K50: 22 | L50: 3 | M50: 2026-09-17T19:23:07Z | N50: 2026-09-18T00:58:40Z | O50: 20134 | P50: 0 | Q50: 0 | R50: -28386.13 | S50: 3365 | T50: 913
A51: 50 | B51: 5nZVAuxrdBze1QXf6RLNPhXfwEfAiVLyvvVgHHBJ7Yn6 | C51: potential_bot | E51: 3338.94 | F51: 0 | G51: 3338.94 | H51: 0 | I51: 0 | J51: 3338.94 | K51: 0 | L51: 2 | M51: 2026-09-17T21:02:10Z | N51: 2026-09-18T00:34:26Z | P51: 0 | Q51: 0 | R51: 687637.22 | S51: 5191 | T51: 1006
A52: 51 | B52: 7wKdqDS6Qpv4PLf2iFdbeCVoUwQmBfJcnHQAvS34Q9cM | C52: terminal;axiom | E52: 3268.73 | F52: 0 | G52: 3268.73 | H52: 523.85 | I52: 623.98 | J52: 3892.71 | K52: 14 | L52: 66 | M52: 2026-09-17T19:17:21Z | N52: 2026-09-17T19:28:49Z | O52: 688 | P52: 0 | Q52: 0 | R52: 1053.23 | S52: 2467 | T52: 420
A53: 52 | B53: FgoAHx7wegW7iRMP5TotV7RJcjamxAG38puczxKubjZo | E53: 3200.24 | F53: 0 | G53: 3200.24 | H53: 41.52 | I53: 7707.86 | J53: 10908.1 | K53: 10 | L53: 38 | M53: 2026-09-17T19:23:07Z | N53: 2026-09-17T20:05:29Z | O53: 2375452 | P53: 1.629815e-09 | Q53: 0 | R53: -4469.42 | S53: 218 | T53: 30
A54: 53 | B54: 6sEjKGnzcDXZeTa1eHZf59HRZ5E3vNy8xbQhSSA6M7mL | C54: fomo | D54: sahrawi | E54: 3164.51 | F54: 0 | G54: 3164.51 | H54: 126.69 | I54: 2497.76 | J54: 5662.27 | K54: 5 | L54: 5 | M54: 2026-09-25T09:12:29Z | N54: 2026-09-26T02:20:58Z | O54: 61709 | P54: 0 | Q54: 0 | R54: 49529.75 | S54: 1412 | T54: 234
A55: 54 | B55: ESdowVD6fznGk3ydgBmkuvqH9NCC2EJhZpGhwaMNtmLv | E55: 3119.88 | F55: 0 | G55: 3119.88 | H55: 1039.96 | I55: 300 | J55: 3419.88 | K55: 1 | L55: 4 | M55: 2026-09-24T20:58:18Z | N55: 2026-09-28T22:56:04Z | O55: 352666 | P55: 0 | Q55: 0 | R55: 14994.39 | S55: 654 | T55: 164
A56: 55 | B56: ArrTLvxSmeBwcNomrRhsgikg9pfuUPvwdP4VDPfFSWr4 | C56: fomo | D56: MajorFaint | E56: 3051.89 | F56: 0 | G56: 3051.89 | H56: 381.84 | I56: 799.25 | J56: 3851.15 | K56: 3 | L56: 10 | M56: 2026-09-17T19:14:27Z | N56: 2026-09-17T19:26:27Z | O56: 721 | P56: 0 | Q56: 0 | R56: 47269.28 | S56: 7245 | T56: 1606
A57: 56 | B57: 5aFK5vMMFCqfRyvx9E2YeZpcDiooE9iDzWACs9k7W2Ef | C57: fomo | D57: fоmο | E57: 3047.39 | F57: -3770.32 | G57: -722.93 | H57: -5.75 | I57: 12582.53 | J57: 11699.55 | K57: 40 | L57: 7 | M57: 2026-09-17T19:34:21Z | N57: 2026-09-26T03:49:07Z | O57: 2374778 | P57: 4847586.7 | Q57: 160.06 | R57: 12.99 | S57: 492 | T57: 92
A58: 57 | B58: AWd1poTNmbsWZJqyUE6juB57WsgmVUTpXAAPnnSJEsfY | C58: axiom;pumpfun-app;sns | D58: moooooodeng | E58: 3025.84 | F58: 0 | G58: 3025.84 | H58: 1535.13 | I58: 197.11 | J58: 3222.94 | K58: 1 | L58: 7 | M58: 2026-09-17T19:13:00Z | N58: 2026-09-17T19:29:45Z | O58: 1005 | P58: 0 | Q58: 0 | R58: 141433.89 | S58: 15112 | T58: 3192
A59: 58 | B59: 3gHrfi6t4xG2KEH4gga9HxLRYqws9iTKdkLG55NwaTZJ | C59: gmgn;terminal;axiom;pumpfun-app | D59: SkarraOG | E59: 2916.09 | F59: 0 | G59: 2916.09 | H59: 195.57 | I59: 1491.04 | J59: 4407.13 | K59: 31 | L59: 16 | M59: 2026-09-17T19:12:23Z | N59: 2026-09-17T19:28:32Z | O59: 969 | P59: 0 | Q59: 0 | R59: 319162.67 | S59: 71674 | T59: 11867
A60: 59 | B60: CR8hKrAUBBwA5zudqx5cVxda2ivgJnCZdC5Z4ua4us5x | C60: axiom | E60: 2899.88 | F60: 0 | G60: 2899.88 | H60: 38.37 | I60: 7558.62 | J60: 10458.5 | K60: 12 | L60: 13 | M60: 2026-09-17T19:30:34Z | N60: 2026-09-18T02:52:00Z | O60: 2375004 | P60: 1.629815e-09 | Q60: 0 | R60: -164259.46 | S60: 4082 | T60: 460
A61: 60 | B61: 3VpLgxsEpYfXk3KDZpUBTC4k4idqmMBgTvemaeNzm8go | C61: axiom | E61: 2885.16 | F61: 0 | G61: 2885.16 | H61: 74.5 | I61: 3872.66 | J61: 6757.82 | K61: 35 | L61: 14 | M61: 2026-09-17T19:17:29Z | N61: 2026-09-18T08:32:35Z | O61: 47706 | P61: 0 | Q61: 0 | R61: -2222.55 | S61: 3061 | T61: 467
A62: 61 | B62: 2PXWP6M66QmLQdG3xnhJ7iFAdTra7Z1gUpfDYdmKZhEX | C62: potential_bot | E62: 2819.44 | F62: 0 | G62: 2819.44 | H62: 0 | I62: 0 | J62: 2819.44 | K62: 0 | L62: 3 | M62: 2026-09-18T01:47:14Z | N62: 2026-09-19T23:21:19Z | P62: 0 | Q62: 0 | R62: 450067.27 | S62: 997 | T62: 237
A63: 62 | B63: 3AodRvueJrHwMkcCWQWZ8B9oqNYcjeTXq3ZzS5nV9uK9 | E63: 2674.57 | F63: 0 | G63: 2674.57 | H63: 0 | I63: 0 | J63: 2674.57 | K63: 0 | L63: 1 | M63: 2026-09-26T04:29:12Z | N63: 2026-09-26T04:29:12Z | P63: 0 | Q63: 0 | R63: 6325.07 | S63: 489 | T63: 61
A64: 63 | B64: Hb7pUL95LYCqYDJFvjVW8S2AB83NBBGw5oEEADzJnXUZ | E64: 2570.61 | F64: 0 | G64: 2570.61 | H64: 0 | I64: 0 | J64: 2570.61 | K64: 0 | L64: 1 | M64: 2026-09-18T23:39:18Z | N64: 2026-09-18T23:39:18Z | P64: 0 | Q64: 0 | R64: 2570.61 | S64: 1 | T64: 1
A65: 64 | B65: 4PsB7xKZ6srTKNT3KQvYepdgKWLCKaB5DintUnjs4vb1 | C65: pumpfun-app | D65: 64_ | E65: 2479.71 | F65: 0 | G65: 2479.71 | H65: 17.65 | I65: 14048.58 | J65: 16528.29 | K65: 23 | L65: 17 | M65: 2026-09-17T19:24:51Z | N65: 2026-09-26T04:13:04Z | O65: 722892 | P65: 0 | Q65: 0 | R65: 6438.68 | S65: 3647 | T65: 617
A66: 65 | B66: Eh8ZKN76kaH2avqQgEZSbvNLnjab6nM41N1DAXWNE1YL | C66: axiom | E66: 2469.35 | F66: 0 | G66: 2469.35 | H66: 99.12 | I66: 2491.3 | J66: 4960.65 | K66: 14 | L66: 17 | M66: 2026-09-17T19:18:34Z | N66: 2026-09-17T21:00:25Z | O66: 6111 | P66: 0 | Q66: 0 | R66: -110505.53 | S66: 4690 | T66: 309
A67: 66 | B67: 13rMKjaMmjEJzvevoT5XwtivwoAzXay9dbNhdU15f5ZH | C67: gmgn;axiom | E67: 2462.79 | F67: 0 | G67: 2462.79 | H67: 479.06 | I67: 514.09 | J67: 2976.88 | K67: 4 | L67: 11 | M67: 2026-09-17T19:17:12Z | N67: 2026-09-17T19:21:51Z | O67: 279 | P67: 0 | Q67: 0 | R67: 53993.04 | S67: 7967 | T67: 752
A68: 67 | B68: EKRjEP1zJ7PgKMfV7a2GPPpAJDRBFm6mbNH7r5jgrfii | C68: fomo | D68: The Winner | E68: 2444.1 | F68: 0 | G68: 2444.1 | H68: 48.02 | I68: 5089.95 | J68: 7480.75 | K68: 5 | L68: 21 | M68: 2026-09-17T19:50:06Z | N68: 2026-09-18T13:27:28Z | O68: 63442 | P68: 0 | Q68: 0 | R68: -17893.76 | S68: 1466 | T68: 498
A69: 68 | B69: HgEMXPgmiVuJy2VPR5CqNTmTEir5j73te6jeEg9xXQhj | C69: terminal;pumpfun-app | D69: milehigh90 | E69: 2429.78 | F69: 0 | G69: 2429.78 | H69: 939.02 | I69: 258.76 | J69: 2688.54 | K69: 1 | L69: 4 | M69: 2026-09-17T19:15:25Z | N69: 2026-09-17T22:28:01Z | O69: 11556 | P69: 0 | Q69: 0 | R69: -23531.69 | S69: 8536 | T69: 3104
A70: 69 | B70: DS22w2we1qvcPtAKJhBCBf7aLdC4cqcrNtgSZLroeFv9 | C70: axiom | E70: 2405.53 | F70: 0 | G70: 2405.53 | H70: 131.42 | I70: 1830.37 | J70: 4235.89 | K70: 8 | L70: 25 | M70: 2026-09-17T19:20:50Z | N70: 2026-09-17T19:33:47Z | O70: 2375589 | P70: 8.14907e-10 | Q70: 0 | R70: 172094.39 | S70: 23839 | T70: 6960
A71: 70 | B71: 7xbz4bo1pM8ruVMjDskUa4Zr2ZGfqLqrGSNxAQ1SXWpX | E71: 2377.98 | F71: 0 | G71: 2377.98 | H71: 438.58 | I71: 542.2 | J71: 2920.18 | K71: 6 | L71: 11 | M71: 2026-09-24T13:27:02Z | N71: 2026-09-30T07:30:35Z | O71: 497013 | P71: 0 | Q71: 0 | R71: 5077.55 | S71: 199 | T71: 34
A72: 71 | B72: EmxhsE5eJF6TZ8XJy7hjizjpACirUqpwFGkK4E2euZMP | C72: potential_bot;pumpfun-app | D72: apeonfonecycle | E72: 2372.41 | F72: 0 | G72: 2372.41 | H72: 121.47 | I72: 1953.1 | J72: 4081.37 | K72: 1 | L72: 2 | M72: 2026-09-25T01:21:24Z | N72: 2026-09-26T11:37:41Z | O72: 123377 | P72: 0 | Q72: 0 | R72: 32132.5 | S72: 166 | T72: 58
A73: 72 | B73: Gd6DaJoQ3ZnRLbc1Gam27WUFfD4nyxjQ2rqyrSkeYH83 | C73: axiom | E73: 2323.97 | F73: 0 | G73: 2323.97 | H73: 166.57 | I73: 1395.18 | J73: 3719.16 | K73: 74 | L73: 37 | M73: 2026-09-17T19:23:24Z | N73: 2026-09-17T19:35:48Z | O73: 744 | P73: 0 | Q73: 0 | R73: 52313.02 | S73: 33294 | T73: 2737
A74: 73 | B74: HDUApJgLvgydExUht2MpEwfGmB1z8ifBHm2HjRF2d7Ce | C74: terminal;axiom | E74: 2265.12 | F74: 0 | G74: 2265.12 | H74: 225.22 | I74: 1005.74 | J74: 3270.86 | K74: 13 | L74: 16 | M74: 2026-09-17T19:15:43Z | N74: 2026-09-17T19:36:13Z | O74: 1230 | P74: 0 | Q74: 0 | R74: 443314.29 | S74: 189003 | T74: 43371
A75: 74 | B75: 2BqTvkdyMMXk1aFThvRa9VcSeFG9i3iP8GAj2F6azX1y | C75: potential_bot | E75: 2207.77 | F75: 0 | G75: 2207.77 | H75: 0 | I75: 0 | J75: 2207.77 | K75: 0 | L75: 6 | M75: 2026-09-17T20:31:31Z | N75: 2026-09-18T20:20:20Z | P75: 0 | Q75: 0 | R75: 3460703.3 | S75: 36928 | T75: 1449
A76: 75 | B76: 7xDrDWw3E9FaTkfnix5p9raznLioFEFLrTLKyDSY3rcR | C76: potential_bot;gmgn;fomo | D76: laicai | E76: 2205.95 | F76: 0 | G76: 2205.95 | H76: 220.59 | I76: 1000 | J76: 3205.95 | K76: 1 | L76: 5 | M76: 2026-09-17T19:23:32Z | N76: 2026-09-17T21:10:16Z | O76: 6404 | P76: 0 | Q76: 0 | R76: 94626.24 | S76: 4680 | T76: 1407
A77: 76 | B77: GM7Hrz2bDq33ezMtL6KGidSWZXMWgZ6qBuugkb5H8NvN | C77: kol;axiom;pumpfun-app;sns | D77: Beaver | E77: 2175.29 | F77: 0 | G77: 2175.29 | H77: 352.76 | I77: 616.65 | J77: 2791.94 | K77: 2 | L77: 8 | M77: 2026-09-17T19:16:13Z | N77: 2026-09-17T20:28:18Z | O77: 4324 | P77: 0 | Q77: 0 | R77: 620239.72 | S77: 24622 | T77: 6969
A78: 77 | B78: 7j8Kuur875iLiBjamVSjyXfrbwdr2z2XV7WVKgthtrbx | C78: fomo | D78: eodriozola | E78: 2169.77 | F78: 0 | G78: 2169.77 | H78: 61.15 | I78: 3548.35 | J78: 5718.13 | K78: 3 | L78: 5 | M78: 2026-09-17T19:20:48Z | N78: 2026-09-18T00:18:56Z | O78: 17888 | P78: 0 | Q78: 0 | R78: -24891.82 | S78: 718 | T78: 255
A79: 78 | B79: HL4mxRc42MnoMNSgb6XNNG2uysCcp9R9cnhUfMYFK16n | C79: axiom | E79: 2162.26 | F79: 0 | G79: 2162.26 | H79: 121.07 | I79: 1786 | J79: 3948.27 | K79: 25 | L79: 24 | M79: 2026-09-17T19:21:04Z | N79: 2026-09-18T06:58:08Z | O79: 2375574 | P79: 2.386514e-09 | Q79: 0 | R79: -77226.4 | S79: 96123 | T79: 15556
A80: 79 | B80: 5F8qXBPvyNBnoSWmA5oeDwK9SS3Hv29o36Pn8xVpBLYi | C80: pumpfun-app | D80: genohh | E80: 2159.87 | F80: 0 | G80: 2159.87 | H80: 308.61 | I80: 699.87 | J80: 2859.74 | K80: 6 | L80: 9 | M80: 2026-09-17T19:14:42Z | N80: 2026-09-18T18:33:25Z | O80: 83923 | P80: 0 | Q80: 0 | R80: 7716.86 | S80: 14375 | T80: 4957
A81: 80 | B81: 76Ycxumc9GKavhJYqNVCCM6ZCFrBySCKrcW2hmpVHMq4 | C81: axiom | E81: 2153.16 | F81: 0 | G81: 2153.16 | H81: 420.09 | I81: 512.55 | J81: 2665.71 | K81: 7 | L81: 8 | M81: 2026-09-17T19:15:19Z | N81: 2026-09-17T21:25:32Z | O81: 7812 | P81: 0 | Q81: 0 | R81: -91031.13 | S81: 15074 | T81: 3764
A82: 81 | B82: 6Tfx4PUcRM6in5SssSgWeSZMbjR1RJsLsqzA4u1V36ky | C82: gmgn;terminal;pumpfun-app | D82: lalalupsiy | E82: 2138.94 | F82: 0 | G82: 2138.94 | H82: 670.14 | I82: 319.18 | J82: 2458.11 | K82: 4 | L82: 13 | M82: 2026-09-17T19:18:26Z | N82: 2026-09-19T19:41:25Z | O82: 174179 | P82: 0 | Q82: 0 | R82: -53537.53 | S82: 11044 | T82: 1619
A83: 82 | B83: 8codemQrXGymCvPGLuNR6HXRSMfwnkiJsnpAxwACKu8E | C83: axiom | E83: 2093.65 | F83: 0 | G83: 2093.65 | H83: 2124.05 | I83: 98.57 | J83: 2192.22 | K83: 1 | L83: 20 | M83: 2026-09-17T19:12:10Z | N83: 2026-09-17T20:14:20Z | O83: 3730 | P83: 0 | Q83: 0 | R83: -27675.86 | S83: 17862 | T83: 4731
A84: 83 | B84: 92DP5Xi5k5PqBGu3qqFAYvqTEG5cuVdBG58iwUGCtNN6 | C84: gmgn | E84: 2089.82 | F84: 0 | G84: 2089.82 | H84: 1102.48 | I84: 189.56 | J84: 2279.37 | K84: 1 | L84: 15 | M84: 2026-09-17T19:16:02Z | N84: 2026-09-17T20:26:46Z | O84: 4243 | P84: 0 | Q84: 0 | R84: 1244.4 | S84: 151 | T84: 52
A85: 84 | B85: 6Fkqdevn3FPpMQPB8TrwAuawJxUuTsrzmFk2okaq9Cni | C85: axiom | E85: 2083.52 | F85: 0 | G85: 2083.52 | H85: 158.23 | I85: 1316.74 | J85: 3400.26 | K85: 74 | L85: 37 | M85: 2026-09-17T19:23:24Z | N85: 2026-09-17T19:35:48Z | O85: 744 | P85: 0 | Q85: 0 | R85: 49236.69 | S85: 25224 | T85: 1617
A86: 85 | B86: 97K6nsFhBWDKwQf6heDDhDtsCRC4779LPHSFZkc2zqK4 | C86: potential_bot;gmgn;pumpfun-app | D86: NikolaiX | E86: 2071.13 | F86: 0 | G86: 2071.13 | H86: 24.92 | I86: 8309.81 | J86: 10380.94 | K86: 36 | L86: 11 | M86: 2026-09-17T19:23:43Z | N86: 2026-09-18T13:10:08Z | O86: 63986 | P86: 0 | Q86: 0 | R86: 567975.78 | S86: 47108 | T86: 10183
A87: 86 | B87: F8nSATqw9BUhMVTEs5g8QF7zjGDaPA15UMnDr5KpXjNG | C87: axiom | E87: 2070.02 | F87: 0 | G87: 2070.02 | H87: 510.76 | I87: 405.28 | J87: 2475.3 | K87: 4 | L87: 3 | M87: 2026-09-17T19:19:49Z | N87: 2026-09-17T21:01:18Z | O87: 6089 | P87: 0 | Q87: 0 | R87: -10695.42 | S87: 1183 | T87: 254
A88: 87 | B88: 2EwnACc1Dh5M8bPyzrVdfqfza4PbiqvKV3fSvL9wFs28 | C88: potential_bot;fomo | D88: fоmο | E88: 2049.82 | F88: 0 | G88: 2049.82 | H88: 409.96 | I88: 500 | J88: 2549.82 | K88: 1 | L88: 2 | M88: 2026-09-18T08:33:16Z | N88: 2026-09-18T10:05:55Z | O88: 5559 | P88: 0 | Q88: 0 | R88: 153604.88 | S88: 1037 | T88: 48
A89: 88 | B89: 6zrPw7fiBuqEs5xJVx3divSzAHPtLS75p9cJV4niHoDL | C89: potential_bot | E89: 2038.03 | F89: 0 | G89: 2038.03 | H89: 0 | I89: 0 | J89: 2038.03 | K89: 0 | L89: 2 | M89: 2026-09-18T21:05:36Z | N89: 2026-09-19T11:18:15Z | P89: 0 | Q89: 0 | R89: 42705.59 | S89: 228 | T89: 58
A90: 89 | B90: kEFiAX3jo5NmemysQov342TZ9mGh6yp92GDRjhA8XDf | E90: 2019.09 | F90: 0 | G90: 2019.09 | H90: 1.63 | I90: 123949.54 | J90: 125968.63 | K90: 272 | L90: 272 | M90: 2026-09-17T19:15:43Z | N90: 2026-09-19T20:27:43Z | O90: 177120 | P90: 0 | Q90: 0 | R90: 3076939.5 | S90: 2048595 | T90: 54159
A91: 90 | B91: EoHsfeh72zKoe3vzUPy8reJKaw7QEKRzw77hopV5yxQm | C91: pumpfun-app | D91: heroicshark6283 | E91: 2017.54 | F91: 0 | G91: 2017.54 | H91: 14.94 | I91: 13503.88 | J91: 15521.42 | K91: 11 | L91: 12 | M91: 2026-09-17T19:24:30Z | N91: 2026-09-18T18:28:38Z | O91: 2375369 | P91: 4.65661e-10 | Q91: 0 | R91: -12083.29 | S91: 181 | T91: 48
A92: 91 | B92: 7DrCZkVEqy6a2cJMmYoZANWL6GMBmJ99KwpTimWnhpgC | C92: fomo | D92: relax | E92: 2004.95 | F92: 0 | G92: 2004.95 | H92: 61.02 | I92: 3285.63 | J92: 5290.59 | K92: 8 | L92: 1 | M92: 2026-09-17T19:54:02Z | N92: 2026-09-26T03:20:15Z | O92: 717973 | P92: 0 | Q92: 0 | R92: 29056.25 | S92: 2882 | T92: 535
A93: 92 | B93: A2WnaaU5MjZpqGk7z4rwUD4di6BVinvx5JR2k7tjeiwg | E93: 2000.42 | F93: 0 | G93: 2000.42 | H93: 41.03 | I93: 4875.43 | J93: 6875.59 | K93: 11 | L93: 7 | M93: 2026-09-25T16:55:50Z | N93: 2026-09-29T02:36:18Z | O93: 294028 | P93: 0 | Q93: 0 | R93: 3973.57 | S93: 495 | T93: 24
A94: 93 | B94: FovSpZ93mKiTs6Ak4JFBkdCMdc1ATALDd6rP6BYtMTMc | C94: axiom | E94: 1978.96 | F94: 0 | G94: 1978.96 | H94: 84.59 | I94: 2339.56 | J94: 4318.52 | K94: 4 | L94: 3 | M94: 2026-09-17T19:17:50Z | N94: 2026-09-17T22:23:42Z | O94: 11152 | P94: 0 | Q94: 0 | R94: 827.38 | S94: 1003 | T94: 289
A95: 94 | B95: FGTxbX6fW9T8uGHZ5GaR3W8z1N9u7ijYWb8NpG933EQa | C95: axiom | E95: 1974.51 | F95: 0 | G95: 1974.51 | H95: 69.06 | I95: 2859.19 | J95: 4833.69 | K95: 10 | L95: 2 | M95: 2026-09-17T19:25:42Z | N95: 2026-09-18T06:42:11Z | O95: 40588 | P95: 0 | Q95: 0 | R95: -11533.61 | S95: 9607 | T95: 1832
A96: 95 | B96: 7DZXLxzshW8HnKeE5b8EDi4MKEJzBvS3z2rJnMWNJeQX | C96: potential_bot;gmgn | E96: 1964.1 | F96: 0 | G96: 1964.1 | H96: 279.29 | I96: 703.26 | J96: 2667.35 | K96: 17 | L96: 25 | M96: 2026-09-17T19:15:44Z | N96: 2026-09-17T19:28:22Z | O96: 758 | P96: 0 | Q96: 0 | R96: 130082.81 | S96: 1966 | T96: 391
A97: 96 | B97: 5mugTxv47CQVXmgVQ6TmCL72Ydhsq8DNnGh8vzdu6pW | C97: fomo | D97: Kdotkrisp | E97: 1958.88 | F97: 0 | G97: 1958.88 | H97: 70 | I97: 2798.61 | J97: 4757.49 | K97: 3 | L97: 3 | M97: 2026-09-17T19:22:51Z | N97: 2026-09-17T20:18:56Z | O97: 3365 | P97: 0 | Q97: 0 | R97: -6465.29 | S97: 749 | T97: 307
A98: 97 | B98: HeaPzXgCqcqwooBUEksNBBMJPM76qPZj2GPRn4Up4E21 | C98: potential_bot | E98: 1929.34 | F98: -107.53 | G98: 1821.81 | H98: 113.94 | I98: 1598.91 | J98: 3407.31 | K98: 22 | L98: 22 | M98: 2026-09-18T11:17:57Z | N98: 2026-09-27T20:40:22Z | O98: 2318162 | P98: 406020.4 | Q98: 13.41 | R98: 16583.55 | S98: 6084 | T98: 1525
A99: 98 | B99: 5aLY85pyxiuX3fd4RgM3Yc1e3MAL6b7UgaZz6MS3JUfG | E99: 1923.89 | F99: 0 | G99: 1923.89 | H99: 13.27 | I99: 14496.6 | J99: 16420.49 | K99: 18 | L99: 18 | M99: 2026-09-17T19:25:29Z | N99: 2026-10-12T06:15:29Z | O99: 2112601 | P99: 0 | Q99: 0 | R99: 3390276.2 | S99: 1244092 | T99: 49502
A100: 99 | B100: 7ydmEh9fxiAy6NzbGmdWSaujAwsti51kEXULGtrszHCa | C100: fomo | D100: Cody Stoltzfus | E100: 1890.5 | F100: 0 | G100: 1890.5 | H100: 81.86 | I100: 2309.35 | J100: 4199.85 | K100: 8 | L100: 4 | M100: 2026-09-17T19:24:11Z | N100: 2026-09-17T23:16:41Z | O100: 2375388 | P100: 1.16415e-10 | Q100: 0 | R100: 1248.72 | S100: 145 | T100: 37
...

Sheet GMGN
A1: Tidak ada data dari GMGN.
A2: Status: gagal
A3: Error: GMGN API error (HTTP 401): code=401 AUTH_TIMESTAMP_EXPIRED timestamp expired Check GMGN_API_KEY (the API key, not the private key). GMGN only works over IPv4, so disable IPv6 if the key is correct, and make sure this PC's clock is accurate (the server allows about 5 seconds of drift).

Sheet Log
A1: Log run
A3: Lingkungan dan parameter
A4: Suite | B4: 1.0.0
A5: Python | B5: 3.14.6
A6: Sistem operasi | B6: Windows-11-10.0.22000-SP0
A7: openpyxl | B7: 3.1.5
A8: Mint | B8: 9U1f18idDeySFnYrurxqT1f5n5nE4g4Uk5LLzP69bh1
A9: Snapshot (UTC) | B9: 2026-10-15 07:14:27
A10: Batas waktu per sumber (detik) | B10: 120
A11: Arsip raw JSON diminta | B11: ya
A12: Ambang awal selisih (USD / relatif) | B12: 10 / 25%
A14: Proses per sumber (kunci API tidak pernah dicatat; setiap proses hanya menerima kuncinya sendiri)
A15: Sumber | B15: Status | C15: Kode keluar | D15: Perintah | E15: Folder kerja | F15: Mulai (UTC) | G15: Selesai (UTC) | H15: Durasi (dtk) | I15: Berkas | J15: Catatan
A16: Vybe | B16: gagal | C16: 1 | D16: C:\Python314\python.exe "D:\V 1.1 - backup\V1.2\top-trader-suite\vybe\main.py" 9U1f18idDeySFnYrurxqT1f5n5nE4g4Uk5LLzP69bh1 | E16: D:\V 1.1 - backup\V1.2\top-trader-suite\output\_raw\9U1f18id_20261015_071427\vybe | F16: 2026-10-15 07:14:27 | G16: 2026-10-15 07:14:29 | H16: 2.1 | J16: Error: Vybe returned no traders for this token.
A17: SolanaTracker | B17: ok | C17: 0 | D17: C:\Python314\python.exe "D:\V 1.1 - backup\V1.2\top-trader-suite\solanatracker\main.py" 9U1f18idDeySFnYrurxqT1f5n5nE4g4Uk5LLzP69bh1 --raw | E17: D:\V 1.1 - backup\V1.2\top-trader-suite\output\_raw\9U1f18id_20261015_071427\solanatracker | F17: 2026-10-15 07:14:27 | G17: 2026-10-15 07:14:30 | H17: 2.6 | I17: solanatracker_top_traders_9U1f18idDeySFnYrurxqT1f5n5nE4g4Uk5LLzP69bh1_20261015_071430.csv, solanatracker_top_traders_9U1f18idDeySFnYrurxqT1f5n5nE4g4Uk5LLzP69bh1_20261015_071430.raw.json
A18: GMGN | B18: gagal | C18: 1 | D18: C:\Python314\python.exe "D:\V 1.1 - backup\V1.2\top-trader-suite\gmgn\main.py" 9U1f18idDeySFnYrurxqT1f5n5nE4g4Uk5LLzP69bh1 --raw | E18: D:\V 1.1 - backup\V1.2\top-trader-suite\output\_raw\9U1f18id_20261015_071427\gmgn | F18: 2026-10-15 07:14:27 | G18: 2026-10-15 07:14:29 | H18: 2 | J18: Error: GMGN API error (HTTP 401): code=401 AUTH_TIMESTAMP_EXPIRED timestamp expired Check GMGN_API_KEY (the API key, not the private key). GMGN only works over IPv4, so disable IPv6 if the key is correct, and make sure this PC's clock is accurate (the server allows about 5 seconds of drift).
A20: Keluaran proses (dipotong bila panjang)
A21: Vybe stderr | B21: Error: Vybe returned no traders for this token.
A22: SolanaTracker stdout | B22: Created output\solanatracker_top_traders_9U1f18idDeySFnYrurxqT1f5n5nE4g4Uk5LLzP69bh1_20261015_071430.csv (100 traders) - SOLCAT (Solana Cat)
A23: GMGN stderr | B23: Error: GMGN API error (HTTP 401): code=401 AUTH_TIMESTAMP_EXPIRED timestamp expired Check GMGN_API_KEY (the API key, not the private key). GMGN only works over IPv4, so disable IPv6 if the key is correct, and make sure this PC's clock is accurate (the server allows about 5 seconds of drift).
A25: Sidik jari kode (SHA-256, 16 karakter pertama) - untuk memastikan versi kode yang dijalankan
A26: Sumber | B26: Berkas | C26: SHA-256
A27: Vybe | B27: main.py | C27: 249919e2e3f83dbb
A28: Vybe | B28: vybe.py | C28: f88ad250cbb9186d
A29: Vybe | B29: csv_writer.py | C29: 56cd7548f0763d3f
A30: SolanaTracker | B30: main.py | C30: 87e2df6587fb4f35
A31: SolanaTracker | B31: solanatracker.py | C31: 24dc000755d40d1b
A32: SolanaTracker | B32: csv_writer.py | C32: 95665c59391c53c0
A33: GMGN | B33: main.py | C33: 1e1e9abfe03032c3
A34: GMGN | B34: gmgn.py | C34: 9372cc27b33b6186
A35: GMGN | B35: csv_writer.py | C35: c23305386940d1ab
