Workbook

Sheet Ringkasan
A1: Ringkasan run - audit lintas sumber
A3: Mint | B3: CoHH4XfCpEcAuQga8iSr3hCta3vyFxYW6BtQRAV3xQMo
A4: Waktu snapshot (UTC) | B4: 2026-10-15 06:26:26
A5: Sumber diminta | B5: Vybe, SolanaTracker, GMGN
A6: Sumber berhasil | B6: 2 dari 3 (Vybe, SolanaTracker)
A7: Versi suite / Python | B7: 1.0.0 / 3.14.6
A9: Parameter (sel kuning boleh diubah; kolom flag_spread di sheet Gabungan dan hitungannya di sini ikut dihitung ulang)
A10: Ambang selisih realized (USD) >= | B10: 10
A11: Ambang selisih relatif >= | B11: 0.25
A12: Nilai awal berasal dari argumen --spread-usd dan --spread-pct. Selisih relatif = (tertinggi - terendah) / nilai absolut terbesar.
A14: Status per sumber
A15: Sumber | B15: Status | C15: Baris | D15: Mulai (UTC) | E15: Selesai (UTC) | F15: Durasi (dtk) | G15: Aktivitas terbaru di daftar (UTC) | H15: Selisih ke waktu selesai (menit) | I15: Aktivitas tertua di daftar (UTC) | J15: Catatan
A16: Vybe | B16: ok | C16: 100 | D16: 2026-10-15 06:26:26 | E16: 2026-10-15 06:26:32 | F16: 6 | G16: n/a (CSV tanpa kolom waktu)
A17: SolanaTracker | B17: ok | C17: 100 | D17: 2026-10-15 06:26:26 | E17: 2026-10-15 06:26:32 | F17: 6.1 | G17: 2026-10-15 06:25:35 | H17: 1 | I17: 2026-10-15 04:58:28
A18: GMGN | B18: gagal | D18: 2026-10-15 06:26:26 | E18: 2026-10-15 06:26:29 | F18: 3.4 | J18: Error: GMGN API error (HTTP 401): code=401 AUTH_TIMESTAMP_EXPIRED timestamp expired Check GMGN_API_KEY (the API key, not the private key). GMGN only works over IPv4, so disable IPv6 if the key is correct, and make sure this PC's clock is accurate (the server allows about 5 seconds of drift).
A19: 'Aktivitas terbaru/tertua' hanya dari wallet yang ada di daftar (bukan seluruh token), jadi menunjukkan perkiraan kasar keterlambatan data.
A20: Aktivitas tertua yang terlihat: 2026-10-15 04:58:28 UTC (sekitar 1.47 jam sebelum snapshot).
A22: Cakupan wallet (rumus Excel atas sheet Gabungan)
A23: Wallet unik (gabungan) | B23: =COUNTA(Gabungan!$A$2:$A$193)
A24: Ada di semua 2 sumber | B24: =COUNTIF(Gabungan!$C$2:$C$193,2)
A25: Hanya di 1 sumber | B25: =COUNTIF(Gabungan!$C$2:$C$193,1)
A26: hanya di Vybe | B26: =COUNTIF(Gabungan!$N$2:$N$193,"Vybe")
A27: hanya di SolanaTracker | B27: =COUNTIF(Gabungan!$N$2:$N$193,"SolanaTracker")
A28: Ada di Vybe dan SolanaTracker | B28: =COUNTIFS(Gabungan!$E$2:$E$193,">0",Gabungan!$F$2:$F$193,">0")
A29: Wallet dengan selisih realized besar (flag_spread) | B29: =COUNTIF(Gabungan!$M$2:$M$193,"yes")
A30: Wallet dengan perbedaan peran (role_disagreement) | B30: =SUMPRODUCT(--(LEN(Gabungan!$O$2:$O$193)>0))
A32: Kecocokan realized PnL untuk wallet yang sama (dihitung oleh skrip Python, bukan rumus Excel)
A33: Pasangan | B33: Wallet bersama | C33: Median selisih (USD) | D33: Median selisih relatif | E33: Korelasi peringkat (Spearman) | F33: Overlap top-10
A34: Vybe vs SolanaTracker | B34: 8 | C34: 1.3572266 | D34: 0.0015561146 | E34: 0.92857143 | F34: 1/10
A36: Catatan
A37: Yang dibandingkan hanya realized PnL. Unrealized bergantung pada harga yang dipakai tiap provider saat menghitung, jadi hanya indikatif dan tidak dinilai selisihnya.
A38: Vybe mengembalikan 100 baris (batas 100). Wallet di luar daftar tidak terlihat, jadi 'hanya di satu sumber' bisa disebabkan daftar yang terpotong.
A39: SolanaTracker mengembalikan 100 baris (batas 100). Wallet di luar daftar tidak terlihat, jadi 'hanya di satu sumber' bisa disebabkan daftar yang terpotong.
A41: Kamus kolom sheet Gabungan
A42: rank_*: peringkat wallet di CSV provider itu (urutan realized PnL); kosong = wallet tidak ada di daftar provider itu.
A43: realized_*: realized_pnl_usd apa adanya dari provider; tidak ada rata-rata dan tidak ada penyatuan definisi.
A44: n_sources, spread_usd, spread_pct, flag_spread: rumus Excel. spread = realized tertinggi dikurangi terendah di antara provider yang memuat wallet.
A45: only_in: provider yang satu-satunya memuat wallet (hanya diisi bila >= 2 provider berhasil). Waspada: bisa karena daftar terpotong.
A46: role_disagreement: peran (dev, kol, smart_money, sniper, bundler, bot, arbitrage, pool_or_exchange) yang hanya dimiliki sebagian provider. Pemetaan label sederhana di suite/labels.py; hanya provider yang memberi label pada setidaknya satu wallet di run ini yang dibandingkan.
A47: sheet_row_*: nomor baris wallet di sheet mentah provider itu, untuk menelusuri angka ke sumbernya.

Sheet Gabungan
A1: wallet | B1: name | C1: n_sources | D1: sources | E1: rank_vybe | F1: rank_solanatracker | G1: rank_gmgn | H1: realized_vybe | I1: realized_solanatracker | J1: realized_gmgn | K1: spread_usd | L1: spread_pct | M1: flag_spread | N1: only_in | O1: role_disagreement | P1: labels_vybe | Q1: labels_solanatracker | R1: labels_gmgn | S1: funded_by_gmgn | T1: sheet_row_vybe | U1: sheet_row_solanatracker | V1: sheet_row_gmgn
A2: 8rvAsDKeAcEjEkiZMug9k8v1y8mW6gQQiMobd89Uy7qR | B2: Casino | C2: =COUNT(E2:G2) | D2: Vybe, SolanaTracker | E2: 1 | F2: 4 | H2: 2714.1185 | I2: 2687.3 | K2: =IF(COUNT(H2:J2)>=2,MAX(H2:J2)-MIN(H2:J2),"") | L2: =IF(ISNUMBER(K2),IF(MAX(ABS(MAX(H2:J2)),ABS(MIN(H2:J2)))=0,"",K2/MAX(ABS(MAX(H2:J2)),ABS(MIN(H2:J2)))),"") | M2: =IF(AND(ISNUMBER(K2),ISNUMBER(L2)),IF(AND(K2>=Ringkasan!$B$10,L2>=Ringkasan!$B$11),"yes",""),"") | P2: KOL | Q2: kol; terminal; axiom; pumpfun-app; bloom; sns | T2: 2 | U2: 5
A3: AVjEtg2ECYKXYeqdRQXvaaAZBjfTjYuSMTR4WLhKoeQN | B3: Putrick | C3: =COUNT(E3:G3) | D3: Vybe, SolanaTracker | E3: 3 | F3: 28 | H3: 974.79228 | I3: 970.55 | K3: =IF(COUNT(H3:J3)>=2,MAX(H3:J3)-MIN(H3:J3),"") | L3: =IF(ISNUMBER(K3),IF(MAX(ABS(MAX(H3:J3)),ABS(MIN(H3:J3)))=0,"",K3/MAX(ABS(MAX(H3:J3)),ABS(MIN(H3:J3)))),"") | M3: =IF(AND(ISNUMBER(K3),ISNUMBER(L3)),IF(AND(K3>=Ringkasan!$B$10,L3>=Ringkasan!$B$11),"yes",""),"") | P3: KOL | Q3: kol; axiom | T3: 4 | U3: 29
A4: HYSq1KBAvqWpEv1pCbV31muKM1za5A1WSHGdiVLUoNhb | B4: Apex 屮 | C4: =COUNT(E4:G4) | D4: Vybe, SolanaTracker | E4: 4 | F4: 29 | H4: 924.81458 | I4: 923.91 | K4: =IF(COUNT(H4:J4)>=2,MAX(H4:J4)-MIN(H4:J4),"") | L4: =IF(ISNUMBER(K4),IF(MAX(ABS(MAX(H4:J4)),ABS(MIN(H4:J4)))=0,"",K4/MAX(ABS(MAX(H4:J4)),ABS(MIN(H4:J4)))),"") | M4: =IF(AND(ISNUMBER(K4),ISNUMBER(L4)),IF(AND(K4>=Ringkasan!$B$10,L4>=Ringkasan!$B$11),"yes",""),"") | O4: kol (hanya Vybe) | P4: KOL | Q4: terminal; axiom; pumpfun-app | T4: 5 | U4: 30
A5: 39q2g5tTQn9n7KnuapzwS2smSx3NGYqBoea11tBjsGEt | B5: Walta | C5: =COUNT(E5:G5) | D5: Vybe, SolanaTracker | E5: 5 | F5: 36 | H5: 848.06988 | I5: 846.26 | K5: =IF(COUNT(H5:J5)>=2,MAX(H5:J5)-MIN(H5:J5),"") | L5: =IF(ISNUMBER(K5),IF(MAX(ABS(MAX(H5:J5)),ABS(MIN(H5:J5)))=0,"",K5/MAX(ABS(MAX(H5:J5)),ABS(MIN(H5:J5)))),"") | M5: =IF(AND(ISNUMBER(K5),ISNUMBER(L5)),IF(AND(K5>=Ringkasan!$B$10,L5>=Ringkasan!$B$11),"yes",""),"") | P5: KOL | Q5: kol; gmgn; photon | T5: 6 | U5: 37
A6: 3L8RAxLkvwkz4CgHivaVRtq19741FAdGLk5DgjRfc1fW | B6: Inquixit | C6: =COUNT(E6:G6) | D6: Vybe, SolanaTracker | E6: 6 | F6: 40 | H6: 780.72202 | I6: 780.84 | K6: =IF(COUNT(H6:J6)>=2,MAX(H6:J6)-MIN(H6:J6),"") | L6: =IF(ISNUMBER(K6),IF(MAX(ABS(MAX(H6:J6)),ABS(MIN(H6:J6)))=0,"",K6/MAX(ABS(MAX(H6:J6)),ABS(MIN(H6:J6)))),"") | M6: =IF(AND(ISNUMBER(K6),ISNUMBER(L6)),IF(AND(K6>=Ringkasan!$B$10,L6>=Ringkasan!$B$11),"yes",""),"") | P6: KOL | Q6: kol; terminal; axiom; bloom; sns | T6: 7 | U6: 41
A7: gangJEP5geDHjPVRhDS5dTF5e6GtRvtNogMEEVs91RV | B7: Qavec | C7: =COUNT(E7:G7) | D7: Vybe, SolanaTracker | E7: 15 | F7: 41 | H7: 137.33866 | I7: 770.68 | K7: =IF(COUNT(H7:J7)>=2,MAX(H7:J7)-MIN(H7:J7),"") | L7: =IF(ISNUMBER(K7),IF(MAX(ABS(MAX(H7:J7)),ABS(MIN(H7:J7)))=0,"",K7/MAX(ABS(MAX(H7:J7)),ABS(MIN(H7:J7)))),"") | M7: =IF(AND(ISNUMBER(K7),ISNUMBER(L7)),IF(AND(K7>=Ringkasan!$B$10,L7>=Ringkasan!$B$11),"yes",""),"") | P7: KOL | Q7: kol; terminal; axiom; pumpfun-app | T7: 16 | U7: 42
A8: 9tY7u1HgEt2RDcxym3RJ9sfvT3aZStiiUwXd44X9RUr8 | B8: Solana degen | C8: =COUNT(E8:G8) | D8: Vybe, SolanaTracker | E8: 7 | F8: 48 | H8: 684.20611 | I8: 684.11 | K8: =IF(COUNT(H8:J8)>=2,MAX(H8:J8)-MIN(H8:J8),"") | L8: =IF(ISNUMBER(K8),IF(MAX(ABS(MAX(H8:J8)),ABS(MIN(H8:J8)))=0,"",K8/MAX(ABS(MAX(H8:J8)),ABS(MIN(H8:J8)))),"") | M8: =IF(AND(ISNUMBER(K8),ISNUMBER(L8)),IF(AND(K8>=Ringkasan!$B$10,L8>=Ringkasan!$B$11),"yes",""),"") | P8: KOL | Q8: kol; axiom | T8: 8 | U8: 49
A9: BTf4A2exGK9BCVDNzy65b9dUzXgMqB4weVkvTMFQsadd | B9: Kev | C9: =COUNT(E9:G9) | D9: Vybe, SolanaTracker | E9: 8 | F9: 75 | H9: 491.60421 | I9: 491.28 | K9: =IF(COUNT(H9:J9)>=2,MAX(H9:J9)-MIN(H9:J9),"") | L9: =IF(ISNUMBER(K9),IF(MAX(ABS(MAX(H9:J9)),ABS(MIN(H9:J9)))=0,"",K9/MAX(ABS(MAX(H9:J9)),ABS(MIN(H9:J9)))),"") | M9: =IF(AND(ISNUMBER(K9),ISNUMBER(L9)),IF(AND(K9>=Ringkasan!$B$10,L9>=Ringkasan!$B$11),"yes",""),"") | P9: KOL | Q9: kol; gmgn; terminal; axiom; photon | T9: 9 | U9: 76
A10: 9LxMdvs1m8QRFvFuhvzzMXykAkpaHTJhktULdpBztUMm | C10: =COUNT(E10:G10) | D10: SolanaTracker | F10: 1 | I10: 5860.66 | K10: =IF(COUNT(H10:J10)>=2,MAX(H10:J10)-MIN(H10:J10),"") | L10: =IF(ISNUMBER(K10),IF(MAX(ABS(MAX(H10:J10)),ABS(MIN(H10:J10)))=0,"",K10/MAX(ABS(MAX(H10:J10)),ABS(MIN(H10:J10)))),"") | M10: =IF(AND(ISNUMBER(K10),ISNUMBER(L10)),IF(AND(K10>=Ringkasan!$B$10,L10>=Ringkasan!$B$11),"yes",""),"") | N10: SolanaTracker | Q10: axiom; bloom | U10: 2
A11: FASTESTv3ZKg9hbwQHf64pBfRxaD3NyP3exgCFhKeyX5 | C11: =COUNT(E11:G11) | D11: SolanaTracker | F11: 2 | I11: 3554.51 | K11: =IF(COUNT(H11:J11)>=2,MAX(H11:J11)-MIN(H11:J11),"") | L11: =IF(ISNUMBER(K11),IF(MAX(ABS(MAX(H11:J11)),ABS(MIN(H11:J11)))=0,"",K11/MAX(ABS(MAX(H11:J11)),ABS(MIN(H11:J11)))),"") | M11: =IF(AND(ISNUMBER(K11),ISNUMBER(L11)),IF(AND(K11>=Ringkasan!$B$10,L11>=Ringkasan!$B$11),"yes",""),"") | N11: SolanaTracker | Q11: axiom | U11: 3
A12: AH75Bn6QHSt5K2Ad4p1otns3JTwpSJWZTwiwKWNhmnKx | B12: bystevenr | C12: =COUNT(E12:G12) | D12: SolanaTracker | F12: 3 | I12: 3183.42 | K12: =IF(COUNT(H12:J12)>=2,MAX(H12:J12)-MIN(H12:J12),"") | L12: =IF(ISNUMBER(K12),IF(MAX(ABS(MAX(H12:J12)),ABS(MIN(H12:J12)))=0,"",K12/MAX(ABS(MAX(H12:J12)),ABS(MIN(H12:J12)))),"") | M12: =IF(AND(ISNUMBER(K12),ISNUMBER(L12)),IF(AND(K12>=Ringkasan!$B$10,L12>=Ringkasan!$B$11),"yes",""),"") | N12: SolanaTracker | Q12: fomo | U12: 4
A13: 6END8c4Xk81hHnwGT331W9bszBiEPBHkm4hWnZLNDfmp | C13: =COUNT(E13:G13) | D13: SolanaTracker | F13: 5 | I13: 2330.42 | K13: =IF(COUNT(H13:J13)>=2,MAX(H13:J13)-MIN(H13:J13),"") | L13: =IF(ISNUMBER(K13),IF(MAX(ABS(MAX(H13:J13)),ABS(MIN(H13:J13)))=0,"",K13/MAX(ABS(MAX(H13:J13)),ABS(MIN(H13:J13)))),"") | M13: =IF(AND(ISNUMBER(K13),ISNUMBER(L13)),IF(AND(K13>=Ringkasan!$B$10,L13>=Ringkasan!$B$11),"yes",""),"") | N13: SolanaTracker | Q13: axiom | U13: 6
A14: CLeLSah38ADw1gFR1ARb3F1zJYUrUsaTpNXQPgqqxDDd | C14: =COUNT(E14:G14) | D14: SolanaTracker | F14: 6 | I14: 2175.21 | K14: =IF(COUNT(H14:J14)>=2,MAX(H14:J14)-MIN(H14:J14),"") | L14: =IF(ISNUMBER(K14),IF(MAX(ABS(MAX(H14:J14)),ABS(MIN(H14:J14)))=0,"",K14/MAX(ABS(MAX(H14:J14)),ABS(MIN(H14:J14)))),"") | M14: =IF(AND(ISNUMBER(K14),ISNUMBER(L14)),IF(AND(K14>=Ringkasan!$B$10,L14>=Ringkasan!$B$11),"yes",""),"") | N14: SolanaTracker | Q14: fomo | U14: 7
A15: o997fRSR6LJmTbgjjf3QNSh6ZeEQ9AdmBJCLaokaFmu | C15: =COUNT(E15:G15) | D15: SolanaTracker | F15: 7 | I15: 2093.41 | K15: =IF(COUNT(H15:J15)>=2,MAX(H15:J15)-MIN(H15:J15),"") | L15: =IF(ISNUMBER(K15),IF(MAX(ABS(MAX(H15:J15)),ABS(MIN(H15:J15)))=0,"",K15/MAX(ABS(MAX(H15:J15)),ABS(MIN(H15:J15)))),"") | M15: =IF(AND(ISNUMBER(K15),ISNUMBER(L15)),IF(AND(K15>=Ringkasan!$B$10,L15>=Ringkasan!$B$11),"yes",""),"") | N15: SolanaTracker | Q15: fomo | U15: 8
A16: 4yo9CUuTBbds9NFhZd4MzPiZZkUvveXdTnAH8qMsE8ku | B16: Gfree | C16: =COUNT(E16:G16) | D16: Vybe | E16: 2 | H16: 1896.4555 | K16: =IF(COUNT(H16:J16)>=2,MAX(H16:J16)-MIN(H16:J16),"") | L16: =IF(ISNUMBER(K16),IF(MAX(ABS(MAX(H16:J16)),ABS(MIN(H16:J16)))=0,"",K16/MAX(ABS(MAX(H16:J16)),ABS(MIN(H16:J16)))),"") | M16: =IF(AND(ISNUMBER(K16),ISNUMBER(L16)),IF(AND(K16>=Ringkasan!$B$10,L16>=Ringkasan!$B$11),"yes",""),"") | N16: Vybe | P16: KOL | T16: 3
A17: 6NZWg24HVWuhPrNQuJ5bdxGYmUTrB62tAQEmHnyErErL | C17: =COUNT(E17:G17) | D17: SolanaTracker | F17: 8 | I17: 1864.46 | K17: =IF(COUNT(H17:J17)>=2,MAX(H17:J17)-MIN(H17:J17),"") | L17: =IF(ISNUMBER(K17),IF(MAX(ABS(MAX(H17:J17)),ABS(MIN(H17:J17)))=0,"",K17/MAX(ABS(MAX(H17:J17)),ABS(MIN(H17:J17)))),"") | M17: =IF(AND(ISNUMBER(K17),ISNUMBER(L17)),IF(AND(K17>=Ringkasan!$B$10,L17>=Ringkasan!$B$11),"yes",""),"") | N17: SolanaTracker | Q17: gmgn | U17: 9
A18: GunhR3usjEjQfiDe7ejuHZ9rGZ7BfZjGFXDr8AtcEzMR | C18: =COUNT(E18:G18) | D18: SolanaTracker | F18: 9 | I18: 1632.41 | K18: =IF(COUNT(H18:J18)>=2,MAX(H18:J18)-MIN(H18:J18),"") | L18: =IF(ISNUMBER(K18),IF(MAX(ABS(MAX(H18:J18)),ABS(MIN(H18:J18)))=0,"",K18/MAX(ABS(MAX(H18:J18)),ABS(MIN(H18:J18)))),"") | M18: =IF(AND(ISNUMBER(K18),ISNUMBER(L18)),IF(AND(K18>=Ringkasan!$B$10,L18>=Ringkasan!$B$11),"yes",""),"") | N18: SolanaTracker | Q18: axiom | U18: 10
A19: EFJxb2HNhpPKmfZzoXHLzokEf6gRdzs3Z3hLNxFBQyJm | B19: Harko | C19: =COUNT(E19:G19) | D19: SolanaTracker | F19: 10 | I19: 1533.83 | K19: =IF(COUNT(H19:J19)>=2,MAX(H19:J19)-MIN(H19:J19),"") | L19: =IF(ISNUMBER(K19),IF(MAX(ABS(MAX(H19:J19)),ABS(MIN(H19:J19)))=0,"",K19/MAX(ABS(MAX(H19:J19)),ABS(MIN(H19:J19)))),"") | M19: =IF(AND(ISNUMBER(K19),ISNUMBER(L19)),IF(AND(K19>=Ringkasan!$B$10,L19>=Ringkasan!$B$11),"yes",""),"") | N19: SolanaTracker | Q19: fomo | U19: 11
A20: 6cLXobwM9PkXaiV2hFg2FwAH5eAUuodgQWNU7vAQESBC | C20: =COUNT(E20:G20) | D20: SolanaTracker | F20: 11 | I20: 1523.27 | K20: =IF(COUNT(H20:J20)>=2,MAX(H20:J20)-MIN(H20:J20),"") | L20: =IF(ISNUMBER(K20),IF(MAX(ABS(MAX(H20:J20)),ABS(MIN(H20:J20)))=0,"",K20/MAX(ABS(MAX(H20:J20)),ABS(MIN(H20:J20)))),"") | M20: =IF(AND(ISNUMBER(K20),ISNUMBER(L20)),IF(AND(K20>=Ringkasan!$B$10,L20>=Ringkasan!$B$11),"yes",""),"") | N20: SolanaTracker | Q20: axiom | U20: 12
A21: EU8f7oUVEFKYBymLYkDihr8LemRySsoHiy3TaHbnTD9X | C21: =COUNT(E21:G21) | D21: SolanaTracker | F21: 12 | I21: 1409.91 | K21: =IF(COUNT(H21:J21)>=2,MAX(H21:J21)-MIN(H21:J21),"") | L21: =IF(ISNUMBER(K21),IF(MAX(ABS(MAX(H21:J21)),ABS(MIN(H21:J21)))=0,"",K21/MAX(ABS(MAX(H21:J21)),ABS(MIN(H21:J21)))),"") | M21: =IF(AND(ISNUMBER(K21),ISNUMBER(L21)),IF(AND(K21>=Ringkasan!$B$10,L21>=Ringkasan!$B$11),"yes",""),"") | N21: SolanaTracker | Q21: axiom | U21: 13
A22: BSsyo5oh2tuaZBjjWq6V3NHS66BTHfmV1aJd6RDyknLQ | B22: Clark 🆓 | C22: =COUNT(E22:G22) | D22: SolanaTracker | F22: 13 | I22: 1408.69 | K22: =IF(COUNT(H22:J22)>=2,MAX(H22:J22)-MIN(H22:J22),"") | L22: =IF(ISNUMBER(K22),IF(MAX(ABS(MAX(H22:J22)),ABS(MIN(H22:J22)))=0,"",K22/MAX(ABS(MAX(H22:J22)),ABS(MIN(H22:J22)))),"") | M22: =IF(AND(ISNUMBER(K22),ISNUMBER(L22)),IF(AND(K22>=Ringkasan!$B$10,L22>=Ringkasan!$B$11),"yes",""),"") | N22: SolanaTracker | Q22: fomo | U22: 14
A23: 9sqBx1FqZqTi1Zo4TpRamwQDED7wgeueh7wSUyxhKpJE | C23: =COUNT(E23:G23) | D23: SolanaTracker | F23: 14 | I23: 1379.73 | K23: =IF(COUNT(H23:J23)>=2,MAX(H23:J23)-MIN(H23:J23),"") | L23: =IF(ISNUMBER(K23),IF(MAX(ABS(MAX(H23:J23)),ABS(MIN(H23:J23)))=0,"",K23/MAX(ABS(MAX(H23:J23)),ABS(MIN(H23:J23)))),"") | M23: =IF(AND(ISNUMBER(K23),ISNUMBER(L23)),IF(AND(K23>=Ringkasan!$B$10,L23>=Ringkasan!$B$11),"yes",""),"") | N23: SolanaTracker | Q23: axiom | U23: 15
A24: 6SHqkzJfZYiNqmz4xDiwndEAqbubuAVt44LwJ9GF3obS | B24: ocr ⚘ | C24: =COUNT(E24:G24) | D24: SolanaTracker | F24: 15 | I24: 1243.76 | K24: =IF(COUNT(H24:J24)>=2,MAX(H24:J24)-MIN(H24:J24),"") | L24: =IF(ISNUMBER(K24),IF(MAX(ABS(MAX(H24:J24)),ABS(MIN(H24:J24)))=0,"",K24/MAX(ABS(MAX(H24:J24)),ABS(MIN(H24:J24)))),"") | M24: =IF(AND(ISNUMBER(K24),ISNUMBER(L24)),IF(AND(K24>=Ringkasan!$B$10,L24>=Ringkasan!$B$11),"yes",""),"") | N24: SolanaTracker | Q24: axiom; fomo | U24: 16
A25: DPQXGSpn4NXJxUNRwzAJ84CuufM83mToiJseVwPRKL3u | B25: jaq | C25: =COUNT(E25:G25) | D25: SolanaTracker | F25: 16 | I25: 1222.39 | K25: =IF(COUNT(H25:J25)>=2,MAX(H25:J25)-MIN(H25:J25),"") | L25: =IF(ISNUMBER(K25),IF(MAX(ABS(MAX(H25:J25)),ABS(MIN(H25:J25)))=0,"",K25/MAX(ABS(MAX(H25:J25)),ABS(MIN(H25:J25)))),"") | M25: =IF(AND(ISNUMBER(K25),ISNUMBER(L25)),IF(AND(K25>=Ringkasan!$B$10,L25>=Ringkasan!$B$11),"yes",""),"") | N25: SolanaTracker | Q25: axiom; fomo | U25: 17
A26: HTYho9ioTJcS4Dymi57HB65RBFu549gjyQ7kncfkknti | B26: BrazilZZ🇧🇷 | C26: =COUNT(E26:G26) | D26: SolanaTracker | F26: 17 | I26: 1194.31 | K26: =IF(COUNT(H26:J26)>=2,MAX(H26:J26)-MIN(H26:J26),"") | L26: =IF(ISNUMBER(K26),IF(MAX(ABS(MAX(H26:J26)),ABS(MIN(H26:J26)))=0,"",K26/MAX(ABS(MAX(H26:J26)),ABS(MIN(H26:J26)))),"") | M26: =IF(AND(ISNUMBER(K26),ISNUMBER(L26)),IF(AND(K26>=Ringkasan!$B$10,L26>=Ringkasan!$B$11),"yes",""),"") | N26: SolanaTracker | Q26: fomo | U26: 18
A27: 5dQJ5xZZ1qjcLDZ8PDqymMeKzBDnLFjtzmJv4aCfpui8 | C27: =COUNT(E27:G27) | D27: SolanaTracker | F27: 18 | I27: 1159.82 | K27: =IF(COUNT(H27:J27)>=2,MAX(H27:J27)-MIN(H27:J27),"") | L27: =IF(ISNUMBER(K27),IF(MAX(ABS(MAX(H27:J27)),ABS(MIN(H27:J27)))=0,"",K27/MAX(ABS(MAX(H27:J27)),ABS(MIN(H27:J27)))),"") | M27: =IF(AND(ISNUMBER(K27),ISNUMBER(L27)),IF(AND(K27>=Ringkasan!$B$10,L27>=Ringkasan!$B$11),"yes",""),"") | N27: SolanaTracker | Q27: axiom | U27: 19
A28: 7D5fAcz2LTARqPc7D1L2aVFDajizw358PV4tPCTDJpE5 | B28: The Night Owl | C28: =COUNT(E28:G28) | D28: SolanaTracker | F28: 19 | I28: 1137.87 | K28: =IF(COUNT(H28:J28)>=2,MAX(H28:J28)-MIN(H28:J28),"") | L28: =IF(ISNUMBER(K28),IF(MAX(ABS(MAX(H28:J28)),ABS(MIN(H28:J28)))=0,"",K28/MAX(ABS(MAX(H28:J28)),ABS(MIN(H28:J28)))),"") | M28: =IF(AND(ISNUMBER(K28),ISNUMBER(L28)),IF(AND(K28>=Ringkasan!$B$10,L28>=Ringkasan!$B$11),"yes",""),"") | N28: SolanaTracker | Q28: potential_bot; fomo | U28: 20
A29: HB3GebzspXg5PBpeqewkjHPxugf4Uhx8xdZWGPC9q5ks | B29: snacky14 | C29: =COUNT(E29:G29) | D29: SolanaTracker | F29: 20 | I29: 1120.56 | K29: =IF(COUNT(H29:J29)>=2,MAX(H29:J29)-MIN(H29:J29),"") | L29: =IF(ISNUMBER(K29),IF(MAX(ABS(MAX(H29:J29)),ABS(MIN(H29:J29)))=0,"",K29/MAX(ABS(MAX(H29:J29)),ABS(MIN(H29:J29)))),"") | M29: =IF(AND(ISNUMBER(K29),ISNUMBER(L29)),IF(AND(K29>=Ringkasan!$B$10,L29>=Ringkasan!$B$11),"yes",""),"") | N29: SolanaTracker | Q29: axiom; pumpfun-app | U29: 21
A30: 6qtsui7ntgkDyB1YzokZAmDeBRTe1GcWTpT76uKpPBPu | C30: =COUNT(E30:G30) | D30: SolanaTracker | F30: 21 | I30: 1110.46 | K30: =IF(COUNT(H30:J30)>=2,MAX(H30:J30)-MIN(H30:J30),"") | L30: =IF(ISNUMBER(K30),IF(MAX(ABS(MAX(H30:J30)),ABS(MIN(H30:J30)))=0,"",K30/MAX(ABS(MAX(H30:J30)),ABS(MIN(H30:J30)))),"") | M30: =IF(AND(ISNUMBER(K30),ISNUMBER(L30)),IF(AND(K30>=Ringkasan!$B$10,L30>=Ringkasan!$B$11),"yes",""),"") | N30: SolanaTracker | Q30: axiom | U30: 22
A31: 3YRuiSpoPpxjrdZMTQvXVK2v4Cjdy6ZTzV5NpxSaW4gQ | C31: =COUNT(E31:G31) | D31: SolanaTracker | F31: 22 | I31: 1054.96 | K31: =IF(COUNT(H31:J31)>=2,MAX(H31:J31)-MIN(H31:J31),"") | L31: =IF(ISNUMBER(K31),IF(MAX(ABS(MAX(H31:J31)),ABS(MIN(H31:J31)))=0,"",K31/MAX(ABS(MAX(H31:J31)),ABS(MIN(H31:J31)))),"") | M31: =IF(AND(ISNUMBER(K31),ISNUMBER(L31)),IF(AND(K31>=Ringkasan!$B$10,L31>=Ringkasan!$B$11),"yes",""),"") | N31: SolanaTracker | Q31: axiom; bloom | U31: 23
A32: FSHXkmt8TPdwE3Qe9xxpX7QFVfJC4YfdDsCzZmM2G2Wi | B32: neverforever.sol | C32: =COUNT(E32:G32) | D32: SolanaTracker | F32: 23 | I32: 1017.8 | K32: =IF(COUNT(H32:J32)>=2,MAX(H32:J32)-MIN(H32:J32),"") | L32: =IF(ISNUMBER(K32),IF(MAX(ABS(MAX(H32:J32)),ABS(MIN(H32:J32)))=0,"",K32/MAX(ABS(MAX(H32:J32)),ABS(MIN(H32:J32)))),"") | M32: =IF(AND(ISNUMBER(K32),ISNUMBER(L32)),IF(AND(K32>=Ringkasan!$B$10,L32>=Ringkasan!$B$11),"yes",""),"") | N32: SolanaTracker | Q32: axiom; sns | U32: 24
A33: 9NVFdRNEcreYDZqJAhennP2tTzaiNC2p9h9HWTdjLBuB | C33: =COUNT(E33:G33) | D33: SolanaTracker | F33: 24 | I33: 1006.62 | K33: =IF(COUNT(H33:J33)>=2,MAX(H33:J33)-MIN(H33:J33),"") | L33: =IF(ISNUMBER(K33),IF(MAX(ABS(MAX(H33:J33)),ABS(MIN(H33:J33)))=0,"",K33/MAX(ABS(MAX(H33:J33)),ABS(MIN(H33:J33)))),"") | M33: =IF(AND(ISNUMBER(K33),ISNUMBER(L33)),IF(AND(K33>=Ringkasan!$B$10,L33>=Ringkasan!$B$11),"yes",""),"") | N33: SolanaTracker | Q33: axiom; fomo | U33: 25
A34: DFvoyXaNPANK9ENGekE88FALjt2CMHWspZKTg62hJJ1Z | C34: =COUNT(E34:G34) | D34: SolanaTracker | F34: 25 | I34: 998.59 | K34: =IF(COUNT(H34:J34)>=2,MAX(H34:J34)-MIN(H34:J34),"") | L34: =IF(ISNUMBER(K34),IF(MAX(ABS(MAX(H34:J34)),ABS(MIN(H34:J34)))=0,"",K34/MAX(ABS(MAX(H34:J34)),ABS(MIN(H34:J34)))),"") | M34: =IF(AND(ISNUMBER(K34),ISNUMBER(L34)),IF(AND(K34>=Ringkasan!$B$10,L34>=Ringkasan!$B$11),"yes",""),"") | N34: SolanaTracker | Q34: fomo | U34: 26
A35: DEdwtjvCs6dSadA8b6EQwCP95mXebTqMDK6wh13xhdpR | C35: =COUNT(E35:G35) | D35: SolanaTracker | F35: 26 | I35: 989.4 | K35: =IF(COUNT(H35:J35)>=2,MAX(H35:J35)-MIN(H35:J35),"") | L35: =IF(ISNUMBER(K35),IF(MAX(ABS(MAX(H35:J35)),ABS(MIN(H35:J35)))=0,"",K35/MAX(ABS(MAX(H35:J35)),ABS(MIN(H35:J35)))),"") | M35: =IF(AND(ISNUMBER(K35),ISNUMBER(L35)),IF(AND(K35>=Ringkasan!$B$10,L35>=Ringkasan!$B$11),"yes",""),"") | N35: SolanaTracker | Q35: terminal; axiom | U35: 27
A36: GNJmDgfMeVD5gvfSFSyJzCXnFNSxM5xhnzSToTQ4YbUz | C36: =COUNT(E36:G36) | D36: SolanaTracker | F36: 27 | I36: 983.76 | K36: =IF(COUNT(H36:J36)>=2,MAX(H36:J36)-MIN(H36:J36),"") | L36: =IF(ISNUMBER(K36),IF(MAX(ABS(MAX(H36:J36)),ABS(MIN(H36:J36)))=0,"",K36/MAX(ABS(MAX(H36:J36)),ABS(MIN(H36:J36)))),"") | M36: =IF(AND(ISNUMBER(K36),ISNUMBER(L36)),IF(AND(K36>=Ringkasan!$B$10,L36>=Ringkasan!$B$11),"yes",""),"") | N36: SolanaTracker | Q36: axiom | U36: 28
A37: 5d3HHrbc9Ho48jibqiVM5GJi7cuL3p17SiJkc1y8qrQ3 | C37: =COUNT(E37:G37) | D37: SolanaTracker | F37: 30 | I37: 916.13 | K37: =IF(COUNT(H37:J37)>=2,MAX(H37:J37)-MIN(H37:J37),"") | L37: =IF(ISNUMBER(K37),IF(MAX(ABS(MAX(H37:J37)),ABS(MIN(H37:J37)))=0,"",K37/MAX(ABS(MAX(H37:J37)),ABS(MIN(H37:J37)))),"") | M37: =IF(AND(ISNUMBER(K37),ISNUMBER(L37)),IF(AND(K37>=Ringkasan!$B$10,L37>=Ringkasan!$B$11),"yes",""),"") | N37: SolanaTracker | Q37: axiom | U37: 31
A38: BWiJ8aqkhSQx55KA4mB8KXv82ga2972tLtgpAZiuocrU | C38: =COUNT(E38:G38) | D38: SolanaTracker | F38: 31 | I38: 914.37 | K38: =IF(COUNT(H38:J38)>=2,MAX(H38:J38)-MIN(H38:J38),"") | L38: =IF(ISNUMBER(K38),IF(MAX(ABS(MAX(H38:J38)),ABS(MIN(H38:J38)))=0,"",K38/MAX(ABS(MAX(H38:J38)),ABS(MIN(H38:J38)))),"") | M38: =IF(AND(ISNUMBER(K38),ISNUMBER(L38)),IF(AND(K38>=Ringkasan!$B$10,L38>=Ringkasan!$B$11),"yes",""),"") | N38: SolanaTracker | Q38: terminal; axiom | U38: 32
A39: 6AKrfdeLdgsR1NJjSEih7rajxv8AQvrkmmhn9HMuqrcf | C39: =COUNT(E39:G39) | D39: SolanaTracker | F39: 32 | I39: 898.4 | K39: =IF(COUNT(H39:J39)>=2,MAX(H39:J39)-MIN(H39:J39),"") | L39: =IF(ISNUMBER(K39),IF(MAX(ABS(MAX(H39:J39)),ABS(MIN(H39:J39)))=0,"",K39/MAX(ABS(MAX(H39:J39)),ABS(MIN(H39:J39)))),"") | M39: =IF(AND(ISNUMBER(K39),ISNUMBER(L39)),IF(AND(K39>=Ringkasan!$B$10,L39>=Ringkasan!$B$11),"yes",""),"") | N39: SolanaTracker | Q39: potential_bot | U39: 33
A40: 9eUx1DGDzAQuEXR9pSR9u3QworFT8TRgFJatcCiXNURS | B40: Tristan | C40: =COUNT(E40:G40) | D40: SolanaTracker | F40: 33 | I40: 883.38 | K40: =IF(COUNT(H40:J40)>=2,MAX(H40:J40)-MIN(H40:J40),"") | L40: =IF(ISNUMBER(K40),IF(MAX(ABS(MAX(H40:J40)),ABS(MIN(H40:J40)))=0,"",K40/MAX(ABS(MAX(H40:J40)),ABS(MIN(H40:J40)))),"") | M40: =IF(AND(ISNUMBER(K40),ISNUMBER(L40)),IF(AND(K40>=Ringkasan!$B$10,L40>=Ringkasan!$B$11),"yes",""),"") | N40: SolanaTracker | Q40: fomo | U40: 34
A41: x2zQL7mx6YFuw31gsWJySDfoYjz9YPU6wXMTzuWkuHU | C41: =COUNT(E41:G41) | D41: SolanaTracker | F41: 34 | I41: 867.83 | K41: =IF(COUNT(H41:J41)>=2,MAX(H41:J41)-MIN(H41:J41),"") | L41: =IF(ISNUMBER(K41),IF(MAX(ABS(MAX(H41:J41)),ABS(MIN(H41:J41)))=0,"",K41/MAX(ABS(MAX(H41:J41)),ABS(MIN(H41:J41)))),"") | M41: =IF(AND(ISNUMBER(K41),ISNUMBER(L41)),IF(AND(K41>=Ringkasan!$B$10,L41>=Ringkasan!$B$11),"yes",""),"") | N41: SolanaTracker | Q41: axiom | U41: 35
A42: BB1x5SKrqBmKk6PvwTtBi6J7knjVmTjXXp7azj6eTGRu | C42: =COUNT(E42:G42) | D42: SolanaTracker | F42: 35 | I42: 860.43 | K42: =IF(COUNT(H42:J42)>=2,MAX(H42:J42)-MIN(H42:J42),"") | L42: =IF(ISNUMBER(K42),IF(MAX(ABS(MAX(H42:J42)),ABS(MIN(H42:J42)))=0,"",K42/MAX(ABS(MAX(H42:J42)),ABS(MIN(H42:J42)))),"") | M42: =IF(AND(ISNUMBER(K42),ISNUMBER(L42)),IF(AND(K42>=Ringkasan!$B$10,L42>=Ringkasan!$B$11),"yes",""),"") | N42: SolanaTracker | Q42: axiom | U42: 36
A43: 3muYDxhtxKLvBvmwxo2DNVNsjG38LLWMmvhuewvyYPnK | C43: =COUNT(E43:G43) | D43: SolanaTracker | F43: 37 | I43: 839.02 | K43: =IF(COUNT(H43:J43)>=2,MAX(H43:J43)-MIN(H43:J43),"") | L43: =IF(ISNUMBER(K43),IF(MAX(ABS(MAX(H43:J43)),ABS(MIN(H43:J43)))=0,"",K43/MAX(ABS(MAX(H43:J43)),ABS(MIN(H43:J43)))),"") | M43: =IF(AND(ISNUMBER(K43),ISNUMBER(L43)),IF(AND(K43>=Ringkasan!$B$10,L43>=Ringkasan!$B$11),"yes",""),"") | N43: SolanaTracker | Q43: axiom | U43: 38
A44: 8WKJJeDBrK8TPtqZXTXXqbsJV6UoXZx9UQBrPf1QqUvG | C44: =COUNT(E44:G44) | D44: SolanaTracker | F44: 38 | I44: 822.53 | K44: =IF(COUNT(H44:J44)>=2,MAX(H44:J44)-MIN(H44:J44),"") | L44: =IF(ISNUMBER(K44),IF(MAX(ABS(MAX(H44:J44)),ABS(MIN(H44:J44)))=0,"",K44/MAX(ABS(MAX(H44:J44)),ABS(MIN(H44:J44)))),"") | M44: =IF(AND(ISNUMBER(K44),ISNUMBER(L44)),IF(AND(K44>=Ringkasan!$B$10,L44>=Ringkasan!$B$11),"yes",""),"") | N44: SolanaTracker | Q44: axiom; photon | U44: 39
A45: CTVa2f63dtzf3tx7NBPe3bhV2a5SYm5UiyYSQmV3DDBD | B45: ///Steki🧲 | C45: =COUNT(E45:G45) | D45: SolanaTracker | F45: 39 | I45: 786.29 | K45: =IF(COUNT(H45:J45)>=2,MAX(H45:J45)-MIN(H45:J45),"") | L45: =IF(ISNUMBER(K45),IF(MAX(ABS(MAX(H45:J45)),ABS(MIN(H45:J45)))=0,"",K45/MAX(ABS(MAX(H45:J45)),ABS(MIN(H45:J45)))),"") | M45: =IF(AND(ISNUMBER(K45),ISNUMBER(L45)),IF(AND(K45>=Ringkasan!$B$10,L45>=Ringkasan!$B$11),"yes",""),"") | N45: SolanaTracker | Q45: fomo | U45: 40
A46: 5aLY85pyxiuX3fd4RgM3Yc1e3MAL6b7UgaZz6MS3JUfG | C46: =COUNT(E46:G46) | D46: SolanaTracker | F46: 42 | I46: 740.84 | K46: =IF(COUNT(H46:J46)>=2,MAX(H46:J46)-MIN(H46:J46),"") | L46: =IF(ISNUMBER(K46),IF(MAX(ABS(MAX(H46:J46)),ABS(MIN(H46:J46)))=0,"",K46/MAX(ABS(MAX(H46:J46)),ABS(MIN(H46:J46)))),"") | M46: =IF(AND(ISNUMBER(K46),ISNUMBER(L46)),IF(AND(K46>=Ringkasan!$B$10,L46>=Ringkasan!$B$11),"yes",""),"") | N46: SolanaTracker | U46: 43
A47: AHwQ8ytXEXW7NSP2EFuQSFkbNK85dMJrfuRdRPt45qri | C47: =COUNT(E47:G47) | D47: SolanaTracker | F47: 43 | I47: 729.83 | K47: =IF(COUNT(H47:J47)>=2,MAX(H47:J47)-MIN(H47:J47),"") | L47: =IF(ISNUMBER(K47),IF(MAX(ABS(MAX(H47:J47)),ABS(MIN(H47:J47)))=0,"",K47/MAX(ABS(MAX(H47:J47)),ABS(MIN(H47:J47)))),"") | M47: =IF(AND(ISNUMBER(K47),ISNUMBER(L47)),IF(AND(K47>=Ringkasan!$B$10,L47>=Ringkasan!$B$11),"yes",""),"") | N47: SolanaTracker | Q47: axiom | U47: 44
A48: A6cjgEcg5zyBn93hsKKHeFP7j5D86BVpN2Nuz81Y71gX | C48: =COUNT(E48:G48) | D48: SolanaTracker | F48: 44 | I48: 706.38 | K48: =IF(COUNT(H48:J48)>=2,MAX(H48:J48)-MIN(H48:J48),"") | L48: =IF(ISNUMBER(K48),IF(MAX(ABS(MAX(H48:J48)),ABS(MIN(H48:J48)))=0,"",K48/MAX(ABS(MAX(H48:J48)),ABS(MIN(H48:J48)))),"") | M48: =IF(AND(ISNUMBER(K48),ISNUMBER(L48)),IF(AND(K48>=Ringkasan!$B$10,L48>=Ringkasan!$B$11),"yes",""),"") | N48: SolanaTracker | U48: 45
A49: EAc26Jr5yVNFXYbzsAYJj59J4Z1k9jEnd4B2jC7ta6pB | C49: =COUNT(E49:G49) | D49: SolanaTracker | F49: 45 | I49: 703.85 | K49: =IF(COUNT(H49:J49)>=2,MAX(H49:J49)-MIN(H49:J49),"") | L49: =IF(ISNUMBER(K49),IF(MAX(ABS(MAX(H49:J49)),ABS(MIN(H49:J49)))=0,"",K49/MAX(ABS(MAX(H49:J49)),ABS(MIN(H49:J49)))),"") | M49: =IF(AND(ISNUMBER(K49),ISNUMBER(L49)),IF(AND(K49>=Ringkasan!$B$10,L49>=Ringkasan!$B$11),"yes",""),"") | N49: SolanaTracker | Q49: axiom | U49: 46
A50: 8VFMdX5fhE7Azg2zZHyPR73Bd9x1vVEf3AjbaBziuvCu | C50: =COUNT(E50:G50) | D50: SolanaTracker | F50: 46 | I50: 703.14 | K50: =IF(COUNT(H50:J50)>=2,MAX(H50:J50)-MIN(H50:J50),"") | L50: =IF(ISNUMBER(K50),IF(MAX(ABS(MAX(H50:J50)),ABS(MIN(H50:J50)))=0,"",K50/MAX(ABS(MAX(H50:J50)),ABS(MIN(H50:J50)))),"") | M50: =IF(AND(ISNUMBER(K50),ISNUMBER(L50)),IF(AND(K50>=Ringkasan!$B$10,L50>=Ringkasan!$B$11),"yes",""),"") | N50: SolanaTracker | Q50: terminal | U50: 47
A51: 5h857RqmgcSjf2yz6E9Jh2zga5RaYTKzm1yK4uSnKD7n | C51: =COUNT(E51:G51) | D51: SolanaTracker | F51: 47 | I51: 687.1 | K51: =IF(COUNT(H51:J51)>=2,MAX(H51:J51)-MIN(H51:J51),"") | L51: =IF(ISNUMBER(K51),IF(MAX(ABS(MAX(H51:J51)),ABS(MIN(H51:J51)))=0,"",K51/MAX(ABS(MAX(H51:J51)),ABS(MIN(H51:J51)))),"") | M51: =IF(AND(ISNUMBER(K51),ISNUMBER(L51)),IF(AND(K51>=Ringkasan!$B$10,L51>=Ringkasan!$B$11),"yes",""),"") | N51: SolanaTracker | Q51: axiom | U51: 48
A52: HP2ZzCnMP8NKFngqtpjvt6qR5YRDm3c3rubbAUvQMsqL | B52: fomo-user | C52: =COUNT(E52:G52) | D52: SolanaTracker | F52: 49 | I52: 668.82 | K52: =IF(COUNT(H52:J52)>=2,MAX(H52:J52)-MIN(H52:J52),"") | L52: =IF(ISNUMBER(K52),IF(MAX(ABS(MAX(H52:J52)),ABS(MIN(H52:J52)))=0,"",K52/MAX(ABS(MAX(H52:J52)),ABS(MIN(H52:J52)))),"") | M52: =IF(AND(ISNUMBER(K52),ISNUMBER(L52)),IF(AND(K52>=Ringkasan!$B$10,L52>=Ringkasan!$B$11),"yes",""),"") | N52: SolanaTracker | Q52: axiom; fomo | U52: 50
A53: CABgtkGrBFDs7fU8zCBog1RnrVC5VhTN7LeRyVrVSMW1 | C53: =COUNT(E53:G53) | D53: SolanaTracker | F53: 50 | I53: 668.03 | K53: =IF(COUNT(H53:J53)>=2,MAX(H53:J53)-MIN(H53:J53),"") | L53: =IF(ISNUMBER(K53),IF(MAX(ABS(MAX(H53:J53)),ABS(MIN(H53:J53)))=0,"",K53/MAX(ABS(MAX(H53:J53)),ABS(MIN(H53:J53)))),"") | M53: =IF(AND(ISNUMBER(K53),ISNUMBER(L53)),IF(AND(K53>=Ringkasan!$B$10,L53>=Ringkasan!$B$11),"yes",""),"") | N53: SolanaTracker | Q53: axiom | U53: 51
A54: 7y5aRdzh5ZBYDhM4qKBwXzUUjKBSBperbrgWiE7AoAHG | C54: =COUNT(E54:G54) | D54: SolanaTracker | F54: 51 | I54: 647.58 | K54: =IF(COUNT(H54:J54)>=2,MAX(H54:J54)-MIN(H54:J54),"") | L54: =IF(ISNUMBER(K54),IF(MAX(ABS(MAX(H54:J54)),ABS(MIN(H54:J54)))=0,"",K54/MAX(ABS(MAX(H54:J54)),ABS(MIN(H54:J54)))),"") | M54: =IF(AND(ISNUMBER(K54),ISNUMBER(L54)),IF(AND(K54>=Ringkasan!$B$10,L54>=Ringkasan!$B$11),"yes",""),"") | N54: SolanaTracker | U54: 52
A55: 6MkqQcHN2oWGPDzA5dz8bnsGKvjHtWPd1tunZqgLLWMa | B55: fauni | C55: =COUNT(E55:G55) | D55: SolanaTracker | F55: 52 | I55: 634.12 | K55: =IF(COUNT(H55:J55)>=2,MAX(H55:J55)-MIN(H55:J55),"") | L55: =IF(ISNUMBER(K55),IF(MAX(ABS(MAX(H55:J55)),ABS(MIN(H55:J55)))=0,"",K55/MAX(ABS(MAX(H55:J55)),ABS(MIN(H55:J55)))),"") | M55: =IF(AND(ISNUMBER(K55),ISNUMBER(L55)),IF(AND(K55>=Ringkasan!$B$10,L55>=Ringkasan!$B$11),"yes",""),"") | N55: SolanaTracker | Q55: axiom; fomo | U55: 53
A56: 6n6cYoZbfnHgJfvhyJ56tq7Zk8E7iN3PiyTGCu57LgL2 | C56: =COUNT(E56:G56) | D56: SolanaTracker | F56: 53 | I56: 631.32 | K56: =IF(COUNT(H56:J56)>=2,MAX(H56:J56)-MIN(H56:J56),"") | L56: =IF(ISNUMBER(K56),IF(MAX(ABS(MAX(H56:J56)),ABS(MIN(H56:J56)))=0,"",K56/MAX(ABS(MAX(H56:J56)),ABS(MIN(H56:J56)))),"") | M56: =IF(AND(ISNUMBER(K56),ISNUMBER(L56)),IF(AND(K56>=Ringkasan!$B$10,L56>=Ringkasan!$B$11),"yes",""),"") | N56: SolanaTracker | Q56: axiom | U56: 54
A57: 3UK7T6LtFxSycQfKQDd7A69pwYwmjZWB5XaRGX59zhNo | C57: =COUNT(E57:G57) | D57: SolanaTracker | F57: 54 | I57: 630.6 | K57: =IF(COUNT(H57:J57)>=2,MAX(H57:J57)-MIN(H57:J57),"") | L57: =IF(ISNUMBER(K57),IF(MAX(ABS(MAX(H57:J57)),ABS(MIN(H57:J57)))=0,"",K57/MAX(ABS(MAX(H57:J57)),ABS(MIN(H57:J57)))),"") | M57: =IF(AND(ISNUMBER(K57),ISNUMBER(L57)),IF(AND(K57>=Ringkasan!$B$10,L57>=Ringkasan!$B$11),"yes",""),"") | N57: SolanaTracker | Q57: axiom | U57: 55
A58: B5NtdZhwE5irJJigz5frVja7iDy1PDzsre9ii6mY697Y | C58: =COUNT(E58:G58) | D58: SolanaTracker | F58: 55 | I58: 626.46 | K58: =IF(COUNT(H58:J58)>=2,MAX(H58:J58)-MIN(H58:J58),"") | L58: =IF(ISNUMBER(K58),IF(MAX(ABS(MAX(H58:J58)),ABS(MIN(H58:J58)))=0,"",K58/MAX(ABS(MAX(H58:J58)),ABS(MIN(H58:J58)))),"") | M58: =IF(AND(ISNUMBER(K58),ISNUMBER(L58)),IF(AND(K58>=Ringkasan!$B$10,L58>=Ringkasan!$B$11),"yes",""),"") | N58: SolanaTracker | Q58: potential_bot | U58: 56
A59: CN5Yh3q2t8aEPVmU1CzJPpXbKCUGWFkVcThAystXUBbb | C59: =COUNT(E59:G59) | D59: SolanaTracker | F59: 56 | I59: 625.23 | K59: =IF(COUNT(H59:J59)>=2,MAX(H59:J59)-MIN(H59:J59),"") | L59: =IF(ISNUMBER(K59),IF(MAX(ABS(MAX(H59:J59)),ABS(MIN(H59:J59)))=0,"",K59/MAX(ABS(MAX(H59:J59)),ABS(MIN(H59:J59)))),"") | M59: =IF(AND(ISNUMBER(K59),ISNUMBER(L59)),IF(AND(K59>=Ringkasan!$B$10,L59>=Ringkasan!$B$11),"yes",""),"") | N59: SolanaTracker | U59: 57
A60: 99uJVmH5msDTC2yfvNiMwLSiFtFkvNxCXmosV1MGnLY | C60: =COUNT(E60:G60) | D60: SolanaTracker | F60: 57 | I60: 604.96 | K60: =IF(COUNT(H60:J60)>=2,MAX(H60:J60)-MIN(H60:J60),"") | L60: =IF(ISNUMBER(K60),IF(MAX(ABS(MAX(H60:J60)),ABS(MIN(H60:J60)))=0,"",K60/MAX(ABS(MAX(H60:J60)),ABS(MIN(H60:J60)))),"") | M60: =IF(AND(ISNUMBER(K60),ISNUMBER(L60)),IF(AND(K60>=Ringkasan!$B$10,L60>=Ringkasan!$B$11),"yes",""),"") | N60: SolanaTracker | Q60: axiom | U60: 58
A61: B4JjCFtnEw7auYY28x2zkCRHaLCD8JRVnai8nh6taDud | C61: =COUNT(E61:G61) | D61: SolanaTracker | F61: 58 | I61: 600.75 | K61: =IF(COUNT(H61:J61)>=2,MAX(H61:J61)-MIN(H61:J61),"") | L61: =IF(ISNUMBER(K61),IF(MAX(ABS(MAX(H61:J61)),ABS(MIN(H61:J61)))=0,"",K61/MAX(ABS(MAX(H61:J61)),ABS(MIN(H61:J61)))),"") | M61: =IF(AND(ISNUMBER(K61),ISNUMBER(L61)),IF(AND(K61>=Ringkasan!$B$10,L61>=Ringkasan!$B$11),"yes",""),"") | N61: SolanaTracker | U61: 59
A62: 9bCKedAfVvpPeepsXAdq4DnW82rrLNnwEKv4AUaUHq1L | B62: November1221 | C62: =COUNT(E62:G62) | D62: SolanaTracker | F62: 59 | I62: 599.45 | K62: =IF(COUNT(H62:J62)>=2,MAX(H62:J62)-MIN(H62:J62),"") | L62: =IF(ISNUMBER(K62),IF(MAX(ABS(MAX(H62:J62)),ABS(MIN(H62:J62)))=0,"",K62/MAX(ABS(MAX(H62:J62)),ABS(MIN(H62:J62)))),"") | M62: =IF(AND(ISNUMBER(K62),ISNUMBER(L62)),IF(AND(K62>=Ringkasan!$B$10,L62>=Ringkasan!$B$11),"yes",""),"") | N62: SolanaTracker | Q62: pumpfun-app | U62: 60
A63: 2ryDUcDr36jptBB2MLTyNS9GqrZrmpmLqNpEKASueLcX | B63: MRPOKEMON | C63: =COUNT(E63:G63) | D63: SolanaTracker | F63: 60 | I63: 598.28 | K63: =IF(COUNT(H63:J63)>=2,MAX(H63:J63)-MIN(H63:J63),"") | L63: =IF(ISNUMBER(K63),IF(MAX(ABS(MAX(H63:J63)),ABS(MIN(H63:J63)))=0,"",K63/MAX(ABS(MAX(H63:J63)),ABS(MIN(H63:J63)))),"") | M63: =IF(AND(ISNUMBER(K63),ISNUMBER(L63)),IF(AND(K63>=Ringkasan!$B$10,L63>=Ringkasan!$B$11),"yes",""),"") | N63: SolanaTracker | Q63: fomo | U63: 61
A64: J2GyrXgaqF4Z7kBXd8eAQZ3TSepNkSfDAW24jHuzobcV | C64: =COUNT(E64:G64) | D64: SolanaTracker | F64: 61 | I64: 586.42 | K64: =IF(COUNT(H64:J64)>=2,MAX(H64:J64)-MIN(H64:J64),"") | L64: =IF(ISNUMBER(K64),IF(MAX(ABS(MAX(H64:J64)),ABS(MIN(H64:J64)))=0,"",K64/MAX(ABS(MAX(H64:J64)),ABS(MIN(H64:J64)))),"") | M64: =IF(AND(ISNUMBER(K64),ISNUMBER(L64)),IF(AND(K64>=Ringkasan!$B$10,L64>=Ringkasan!$B$11),"yes",""),"") | N64: SolanaTracker | Q64: axiom | U64: 62
A65: Frgw6RGZCMvRAggUbG94YrJTimqY9tQV11Rw19XXKvs9 | B65: MrLaFleur | C65: =COUNT(E65:G65) | D65: SolanaTracker | F65: 62 | I65: 578.55 | K65: =IF(COUNT(H65:J65)>=2,MAX(H65:J65)-MIN(H65:J65),"") | L65: =IF(ISNUMBER(K65),IF(MAX(ABS(MAX(H65:J65)),ABS(MIN(H65:J65)))=0,"",K65/MAX(ABS(MAX(H65:J65)),ABS(MIN(H65:J65)))),"") | M65: =IF(AND(ISNUMBER(K65),ISNUMBER(L65)),IF(AND(K65>=Ringkasan!$B$10,L65>=Ringkasan!$B$11),"yes",""),"") | N65: SolanaTracker | Q65: fomo | U65: 63
A66: 87bEQ9JEEPp3GZKKk9Y2h1uw9Lw4UUAyyrXV5wEHGNLR | C66: =COUNT(E66:G66) | D66: SolanaTracker | F66: 63 | I66: 571.22 | K66: =IF(COUNT(H66:J66)>=2,MAX(H66:J66)-MIN(H66:J66),"") | L66: =IF(ISNUMBER(K66),IF(MAX(ABS(MAX(H66:J66)),ABS(MIN(H66:J66)))=0,"",K66/MAX(ABS(MAX(H66:J66)),ABS(MIN(H66:J66)))),"") | M66: =IF(AND(ISNUMBER(K66),ISNUMBER(L66)),IF(AND(K66>=Ringkasan!$B$10,L66>=Ringkasan!$B$11),"yes",""),"") | N66: SolanaTracker | Q66: potential_bot | U66: 64
A67: FehDPJwU9mAVmv2epKLWNwHBV7bCSBSNCzMmWhmjv6Ce | C67: =COUNT(E67:G67) | D67: SolanaTracker | F67: 64 | I67: 566.31 | K67: =IF(COUNT(H67:J67)>=2,MAX(H67:J67)-MIN(H67:J67),"") | L67: =IF(ISNUMBER(K67),IF(MAX(ABS(MAX(H67:J67)),ABS(MIN(H67:J67)))=0,"",K67/MAX(ABS(MAX(H67:J67)),ABS(MIN(H67:J67)))),"") | M67: =IF(AND(ISNUMBER(K67),ISNUMBER(L67)),IF(AND(K67>=Ringkasan!$B$10,L67>=Ringkasan!$B$11),"yes",""),"") | N67: SolanaTracker | Q67: potential_bot | U67: 65
A68: 72tAZjqymv4J2KHDPd3rzFkPL78tj556K32BJgBmBu5D | C68: =COUNT(E68:G68) | D68: SolanaTracker | F68: 65 | I68: 565.25 | K68: =IF(COUNT(H68:J68)>=2,MAX(H68:J68)-MIN(H68:J68),"") | L68: =IF(ISNUMBER(K68),IF(MAX(ABS(MAX(H68:J68)),ABS(MIN(H68:J68)))=0,"",K68/MAX(ABS(MAX(H68:J68)),ABS(MIN(H68:J68)))),"") | M68: =IF(AND(ISNUMBER(K68),ISNUMBER(L68)),IF(AND(K68>=Ringkasan!$B$10,L68>=Ringkasan!$B$11),"yes",""),"") | N68: SolanaTracker | U68: 66
A69: BEvw9mQbfQwbnQKy4XJQuxDbADuJMAhKaUVtdjj4fz8N | C69: =COUNT(E69:G69) | D69: SolanaTracker | F69: 66 | I69: 560.24 | K69: =IF(COUNT(H69:J69)>=2,MAX(H69:J69)-MIN(H69:J69),"") | L69: =IF(ISNUMBER(K69),IF(MAX(ABS(MAX(H69:J69)),ABS(MIN(H69:J69)))=0,"",K69/MAX(ABS(MAX(H69:J69)),ABS(MIN(H69:J69)))),"") | M69: =IF(AND(ISNUMBER(K69),ISNUMBER(L69)),IF(AND(K69>=Ringkasan!$B$10,L69>=Ringkasan!$B$11),"yes",""),"") | N69: SolanaTracker | U69: 67
A70: CXFFCxU4WvMqwcckUosKPyoejYriPwFn4PpEAvnpDnSq | C70: =COUNT(E70:G70) | D70: SolanaTracker | F70: 67 | I70: 557.42 | K70: =IF(COUNT(H70:J70)>=2,MAX(H70:J70)-MIN(H70:J70),"") | L70: =IF(ISNUMBER(K70),IF(MAX(ABS(MAX(H70:J70)),ABS(MIN(H70:J70)))=0,"",K70/MAX(ABS(MAX(H70:J70)),ABS(MIN(H70:J70)))),"") | M70: =IF(AND(ISNUMBER(K70),ISNUMBER(L70)),IF(AND(K70>=Ringkasan!$B$10,L70>=Ringkasan!$B$11),"yes",""),"") | N70: SolanaTracker | Q70: gmgn | U70: 68
A71: DCKddL7QCbB3VbghBkahHLWCt8jjKJLWLim2LJtA9p36 | C71: =COUNT(E71:G71) | D71: SolanaTracker | F71: 68 | I71: 544.96 | K71: =IF(COUNT(H71:J71)>=2,MAX(H71:J71)-MIN(H71:J71),"") | L71: =IF(ISNUMBER(K71),IF(MAX(ABS(MAX(H71:J71)),ABS(MIN(H71:J71)))=0,"",K71/MAX(ABS(MAX(H71:J71)),ABS(MIN(H71:J71)))),"") | M71: =IF(AND(ISNUMBER(K71),ISNUMBER(L71)),IF(AND(K71>=Ringkasan!$B$10,L71>=Ringkasan!$B$11),"yes",""),"") | N71: SolanaTracker | Q71: axiom | U71: 69
A72: 7BNaxx6KdUYrjACNQZ9He26NBFoFxujQMAfNLnArLGH5 | C72: =COUNT(E72:G72) | D72: SolanaTracker | F72: 69 | I72: 537.08 | K72: =IF(COUNT(H72:J72)>=2,MAX(H72:J72)-MIN(H72:J72),"") | L72: =IF(ISNUMBER(K72),IF(MAX(ABS(MAX(H72:J72)),ABS(MIN(H72:J72)))=0,"",K72/MAX(ABS(MAX(H72:J72)),ABS(MIN(H72:J72)))),"") | M72: =IF(AND(ISNUMBER(K72),ISNUMBER(L72)),IF(AND(K72>=Ringkasan!$B$10,L72>=Ringkasan!$B$11),"yes",""),"") | N72: SolanaTracker | U72: 70
A73: 99Q2ZBYnzaHziqcb7RL88L4vejfmJsVazNbhB38Xte3J | C73: =COUNT(E73:G73) | D73: SolanaTracker | F73: 70 | I73: 535.02 | K73: =IF(COUNT(H73:J73)>=2,MAX(H73:J73)-MIN(H73:J73),"") | L73: =IF(ISNUMBER(K73),IF(MAX(ABS(MAX(H73:J73)),ABS(MIN(H73:J73)))=0,"",K73/MAX(ABS(MAX(H73:J73)),ABS(MIN(H73:J73)))),"") | M73: =IF(AND(ISNUMBER(K73),ISNUMBER(L73)),IF(AND(K73>=Ringkasan!$B$10,L73>=Ringkasan!$B$11),"yes",""),"") | N73: SolanaTracker | Q73: axiom | U73: 71
A74: 2tgUbS9UMoQD6GkDZBiqKYCURnGrSb6ocYwRABrSJUvY | C74: =COUNT(E74:G74) | D74: SolanaTracker | F74: 71 | I74: 530.78 | K74: =IF(COUNT(H74:J74)>=2,MAX(H74:J74)-MIN(H74:J74),"") | L74: =IF(ISNUMBER(K74),IF(MAX(ABS(MAX(H74:J74)),ABS(MIN(H74:J74)))=0,"",K74/MAX(ABS(MAX(H74:J74)),ABS(MIN(H74:J74)))),"") | M74: =IF(AND(ISNUMBER(K74),ISNUMBER(L74)),IF(AND(K74>=Ringkasan!$B$10,L74>=Ringkasan!$B$11),"yes",""),"") | N74: SolanaTracker | U74: 72
A75: Hn3Edvyb38rJipW4F3aZLuYjXHppXvgJXFEWyHX5nPoT | C75: =COUNT(E75:G75) | D75: SolanaTracker | F75: 72 | I75: 529.51 | K75: =IF(COUNT(H75:J75)>=2,MAX(H75:J75)-MIN(H75:J75),"") | L75: =IF(ISNUMBER(K75),IF(MAX(ABS(MAX(H75:J75)),ABS(MIN(H75:J75)))=0,"",K75/MAX(ABS(MAX(H75:J75)),ABS(MIN(H75:J75)))),"") | M75: =IF(AND(ISNUMBER(K75),ISNUMBER(L75)),IF(AND(K75>=Ringkasan!$B$10,L75>=Ringkasan!$B$11),"yes",""),"") | N75: SolanaTracker | U75: 73
A76: x1wRVyxJ6xTsp9nQSZgeVsLazPwQbcvUwsb1t5y2WGA | C76: =COUNT(E76:G76) | D76: SolanaTracker | F76: 73 | I76: 515.26 | K76: =IF(COUNT(H76:J76)>=2,MAX(H76:J76)-MIN(H76:J76),"") | L76: =IF(ISNUMBER(K76),IF(MAX(ABS(MAX(H76:J76)),ABS(MIN(H76:J76)))=0,"",K76/MAX(ABS(MAX(H76:J76)),ABS(MIN(H76:J76)))),"") | M76: =IF(AND(ISNUMBER(K76),ISNUMBER(L76)),IF(AND(K76>=Ringkasan!$B$10,L76>=Ringkasan!$B$11),"yes",""),"") | N76: SolanaTracker | Q76: axiom | U76: 74
A77: 9xoW7tmArozmTicuWeQybc9XyYHot8efMECgCDDZAPyF | B77: Burry | C77: =COUNT(E77:G77) | D77: SolanaTracker | F77: 74 | I77: 499.31 | K77: =IF(COUNT(H77:J77)>=2,MAX(H77:J77)-MIN(H77:J77),"") | L77: =IF(ISNUMBER(K77),IF(MAX(ABS(MAX(H77:J77)),ABS(MIN(H77:J77)))=0,"",K77/MAX(ABS(MAX(H77:J77)),ABS(MIN(H77:J77)))),"") | M77: =IF(AND(ISNUMBER(K77),ISNUMBER(L77)),IF(AND(K77>=Ringkasan!$B$10,L77>=Ringkasan!$B$11),"yes",""),"") | N77: SolanaTracker | Q77: fomo | U77: 75
A78: dtrzJPj7yDdvm6eRqBAgxsK2sMJeD9HhBEBB3XMedXy | C78: =COUNT(E78:G78) | D78: SolanaTracker | F78: 76 | I78: 489.03 | K78: =IF(COUNT(H78:J78)>=2,MAX(H78:J78)-MIN(H78:J78),"") | L78: =IF(ISNUMBER(K78),IF(MAX(ABS(MAX(H78:J78)),ABS(MIN(H78:J78)))=0,"",K78/MAX(ABS(MAX(H78:J78)),ABS(MIN(H78:J78)))),"") | M78: =IF(AND(ISNUMBER(K78),ISNUMBER(L78)),IF(AND(K78>=Ringkasan!$B$10,L78>=Ringkasan!$B$11),"yes",""),"") | N78: SolanaTracker | Q78: terminal; axiom; developer | U78: 77
A79: FUda9sJqhYPN81iSb5GEtHC2natgPTuHW8wQwcm7nb9J | C79: =COUNT(E79:G79) | D79: SolanaTracker | F79: 77 | I79: 486 | K79: =IF(COUNT(H79:J79)>=2,MAX(H79:J79)-MIN(H79:J79),"") | L79: =IF(ISNUMBER(K79),IF(MAX(ABS(MAX(H79:J79)),ABS(MIN(H79:J79)))=0,"",K79/MAX(ABS(MAX(H79:J79)),ABS(MIN(H79:J79)))),"") | M79: =IF(AND(ISNUMBER(K79),ISNUMBER(L79)),IF(AND(K79>=Ringkasan!$B$10,L79>=Ringkasan!$B$11),"yes",""),"") | N79: SolanaTracker | Q79: axiom | U79: 78
A80: 7ntHY4u8cxyPdG48Jv7tBXgpr7375yooCSHz5aNV9ud6 | C80: =COUNT(E80:G80) | D80: SolanaTracker | F80: 78 | I80: 485.21 | K80: =IF(COUNT(H80:J80)>=2,MAX(H80:J80)-MIN(H80:J80),"") | L80: =IF(ISNUMBER(K80),IF(MAX(ABS(MAX(H80:J80)),ABS(MIN(H80:J80)))=0,"",K80/MAX(ABS(MAX(H80:J80)),ABS(MIN(H80:J80)))),"") | M80: =IF(AND(ISNUMBER(K80),ISNUMBER(L80)),IF(AND(K80>=Ringkasan!$B$10,L80>=Ringkasan!$B$11),"yes",""),"") | N80: SolanaTracker | Q80: terminal; axiom | U80: 79
A81: 2ZEQ7jhCXunw8EHsGRU7beBeayNtvm8rxhSZ5kH5Rhan | C81: =COUNT(E81:G81) | D81: SolanaTracker | F81: 79 | I81: 483.1 | K81: =IF(COUNT(H81:J81)>=2,MAX(H81:J81)-MIN(H81:J81),"") | L81: =IF(ISNUMBER(K81),IF(MAX(ABS(MAX(H81:J81)),ABS(MIN(H81:J81)))=0,"",K81/MAX(ABS(MAX(H81:J81)),ABS(MIN(H81:J81)))),"") | M81: =IF(AND(ISNUMBER(K81),ISNUMBER(L81)),IF(AND(K81>=Ringkasan!$B$10,L81>=Ringkasan!$B$11),"yes",""),"") | N81: SolanaTracker | Q81: axiom | U81: 80
A82: AZizBj4pgYGtzNZhBUFKHdk9twF5PPzgUuoHRkLsU9mG | C82: =COUNT(E82:G82) | D82: SolanaTracker | F82: 80 | I82: 482.83 | K82: =IF(COUNT(H82:J82)>=2,MAX(H82:J82)-MIN(H82:J82),"") | L82: =IF(ISNUMBER(K82),IF(MAX(ABS(MAX(H82:J82)),ABS(MIN(H82:J82)))=0,"",K82/MAX(ABS(MAX(H82:J82)),ABS(MIN(H82:J82)))),"") | M82: =IF(AND(ISNUMBER(K82),ISNUMBER(L82)),IF(AND(K82>=Ringkasan!$B$10,L82>=Ringkasan!$B$11),"yes",""),"") | N82: SolanaTracker | Q82: axiom | U82: 81
A83: GpBNf1N7RhKitLiewPaEyLTSHyEgFQhmbxMqYUKN4nUA | B83: hi | C83: =COUNT(E83:G83) | D83: SolanaTracker | F83: 81 | I83: 480.72 | K83: =IF(COUNT(H83:J83)>=2,MAX(H83:J83)-MIN(H83:J83),"") | L83: =IF(ISNUMBER(K83),IF(MAX(ABS(MAX(H83:J83)),ABS(MIN(H83:J83)))=0,"",K83/MAX(ABS(MAX(H83:J83)),ABS(MIN(H83:J83)))),"") | M83: =IF(AND(ISNUMBER(K83),ISNUMBER(L83)),IF(AND(K83>=Ringkasan!$B$10,L83>=Ringkasan!$B$11),"yes",""),"") | N83: SolanaTracker | Q83: fomo | U83: 82
A84: 6zfAFhaN1Yh93pQWkhAyZyvuXdRToDZyhhSjzrnqavJf | C84: =COUNT(E84:G84) | D84: SolanaTracker | F84: 82 | I84: 477.43 | K84: =IF(COUNT(H84:J84)>=2,MAX(H84:J84)-MIN(H84:J84),"") | L84: =IF(ISNUMBER(K84),IF(MAX(ABS(MAX(H84:J84)),ABS(MIN(H84:J84)))=0,"",K84/MAX(ABS(MAX(H84:J84)),ABS(MIN(H84:J84)))),"") | M84: =IF(AND(ISNUMBER(K84),ISNUMBER(L84)),IF(AND(K84>=Ringkasan!$B$10,L84>=Ringkasan!$B$11),"yes",""),"") | N84: SolanaTracker | Q84: gmgn | U84: 83
A85: apgeZdfGbn7ZAjH6rCQSepqRHT4Wa2XnK2jDDXX2ZnT | B85: uppermarlin8343 | C85: =COUNT(E85:G85) | D85: SolanaTracker | F85: 83 | I85: 472.28 | K85: =IF(COUNT(H85:J85)>=2,MAX(H85:J85)-MIN(H85:J85),"") | L85: =IF(ISNUMBER(K85),IF(MAX(ABS(MAX(H85:J85)),ABS(MIN(H85:J85)))=0,"",K85/MAX(ABS(MAX(H85:J85)),ABS(MIN(H85:J85)))),"") | M85: =IF(AND(ISNUMBER(K85),ISNUMBER(L85)),IF(AND(K85>=Ringkasan!$B$10,L85>=Ringkasan!$B$11),"yes",""),"") | N85: SolanaTracker | Q85: axiom; pumpfun-app | U85: 84
A86: Fy7Z33b2f7b1L53C2KydPsdt7ypmRcuxqRU6L95rNnFc | C86: =COUNT(E86:G86) | D86: SolanaTracker | F86: 84 | I86: 460.97 | K86: =IF(COUNT(H86:J86)>=2,MAX(H86:J86)-MIN(H86:J86),"") | L86: =IF(ISNUMBER(K86),IF(MAX(ABS(MAX(H86:J86)),ABS(MIN(H86:J86)))=0,"",K86/MAX(ABS(MAX(H86:J86)),ABS(MIN(H86:J86)))),"") | M86: =IF(AND(ISNUMBER(K86),ISNUMBER(L86)),IF(AND(K86>=Ringkasan!$B$10,L86>=Ringkasan!$B$11),"yes",""),"") | N86: SolanaTracker | Q86: axiom | U86: 85
A87: Ajd34jDeB7ZVWjXp9BcQTfCLzgmhSpSMxdTrV8G2Gsdz | B87: JadeEmpTerry | C87: =COUNT(E87:G87) | D87: SolanaTracker | F87: 85 | I87: 453.8 | K87: =IF(COUNT(H87:J87)>=2,MAX(H87:J87)-MIN(H87:J87),"") | L87: =IF(ISNUMBER(K87),IF(MAX(ABS(MAX(H87:J87)),ABS(MIN(H87:J87)))=0,"",K87/MAX(ABS(MAX(H87:J87)),ABS(MIN(H87:J87)))),"") | M87: =IF(AND(ISNUMBER(K87),ISNUMBER(L87)),IF(AND(K87>=Ringkasan!$B$10,L87>=Ringkasan!$B$11),"yes",""),"") | N87: SolanaTracker | Q87: pumpfun-app | U87: 86
A88: ALL1V7x5gH59qUHdpAK5M1js9YMGhb94xarqoi8PTKqy | B88: Siris | C88: =COUNT(E88:G88) | D88: SolanaTracker | F88: 86 | I88: 448.79 | K88: =IF(COUNT(H88:J88)>=2,MAX(H88:J88)-MIN(H88:J88),"") | L88: =IF(ISNUMBER(K88),IF(MAX(ABS(MAX(H88:J88)),ABS(MIN(H88:J88)))=0,"",K88/MAX(ABS(MAX(H88:J88)),ABS(MIN(H88:J88)))),"") | M88: =IF(AND(ISNUMBER(K88),ISNUMBER(L88)),IF(AND(K88>=Ringkasan!$B$10,L88>=Ringkasan!$B$11),"yes",""),"") | N88: SolanaTracker | Q88: fomo | U88: 87
A89: BiqikKKLbDbPQ62mZvEFBdATfqrFW3vmG5MSUzpihZ7n | C89: =COUNT(E89:G89) | D89: SolanaTracker | F89: 87 | I89: 436.73 | K89: =IF(COUNT(H89:J89)>=2,MAX(H89:J89)-MIN(H89:J89),"") | L89: =IF(ISNUMBER(K89),IF(MAX(ABS(MAX(H89:J89)),ABS(MIN(H89:J89)))=0,"",K89/MAX(ABS(MAX(H89:J89)),ABS(MIN(H89:J89)))),"") | M89: =IF(AND(ISNUMBER(K89),ISNUMBER(L89)),IF(AND(K89>=Ringkasan!$B$10,L89>=Ringkasan!$B$11),"yes",""),"") | N89: SolanaTracker | Q89: axiom | U89: 88
A90: 7H7nNar5d5YJED1kJ4p7FGD1XqzXmH1GnW9r3hqU7M3Z | C90: =COUNT(E90:G90) | D90: SolanaTracker | F90: 88 | I90: 424.14 | K90: =IF(COUNT(H90:J90)>=2,MAX(H90:J90)-MIN(H90:J90),"") | L90: =IF(ISNUMBER(K90),IF(MAX(ABS(MAX(H90:J90)),ABS(MIN(H90:J90)))=0,"",K90/MAX(ABS(MAX(H90:J90)),ABS(MIN(H90:J90)))),"") | M90: =IF(AND(ISNUMBER(K90),ISNUMBER(L90)),IF(AND(K90>=Ringkasan!$B$10,L90>=Ringkasan!$B$11),"yes",""),"") | N90: SolanaTracker | U90: 89
A91: noRqR4WvSSrTu5NAssyTrjunSnFbnZzpQC1gwL88QYQ | C91: =COUNT(E91:G91) | D91: SolanaTracker | F91: 89 | I91: 405.87 | K91: =IF(COUNT(H91:J91)>=2,MAX(H91:J91)-MIN(H91:J91),"") | L91: =IF(ISNUMBER(K91),IF(MAX(ABS(MAX(H91:J91)),ABS(MIN(H91:J91)))=0,"",K91/MAX(ABS(MAX(H91:J91)),ABS(MIN(H91:J91)))),"") | M91: =IF(AND(ISNUMBER(K91),ISNUMBER(L91)),IF(AND(K91>=Ringkasan!$B$10,L91>=Ringkasan!$B$11),"yes",""),"") | N91: SolanaTracker | U91: 90
A92: CcHEWcHcoj2NZQJK2Frwp2hDFfAJCU9mtzdk7gGCtDXm | C92: =COUNT(E92:G92) | D92: SolanaTracker | F92: 90 | I92: 405.43 | K92: =IF(COUNT(H92:J92)>=2,MAX(H92:J92)-MIN(H92:J92),"") | L92: =IF(ISNUMBER(K92),IF(MAX(ABS(MAX(H92:J92)),ABS(MIN(H92:J92)))=0,"",K92/MAX(ABS(MAX(H92:J92)),ABS(MIN(H92:J92)))),"") | M92: =IF(AND(ISNUMBER(K92),ISNUMBER(L92)),IF(AND(K92>=Ringkasan!$B$10,L92>=Ringkasan!$B$11),"yes",""),"") | N92: SolanaTracker | Q92: fomo | U92: 91
A93: 3ASXct2jhBroVuKxRdXiDsip9bX3YoTmQGirHH9UCaiG | B93: TenQuietWhale | C93: =COUNT(E93:G93) | D93: SolanaTracker | F93: 91 | I93: 404.24 | K93: =IF(COUNT(H93:J93)>=2,MAX(H93:J93)-MIN(H93:J93),"") | L93: =IF(ISNUMBER(K93),IF(MAX(ABS(MAX(H93:J93)),ABS(MIN(H93:J93)))=0,"",K93/MAX(ABS(MAX(H93:J93)),ABS(MIN(H93:J93)))),"") | M93: =IF(AND(ISNUMBER(K93),ISNUMBER(L93)),IF(AND(K93>=Ringkasan!$B$10,L93>=Ringkasan!$B$11),"yes",""),"") | N93: SolanaTracker | Q93: pumpfun-app | U93: 92
A94: 9ZepEnZGhtodtYqqtFxTRgrmk9z6MJy2kqVvhTPpaRes | B94: expectedvalue | C94: =COUNT(E94:G94) | D94: SolanaTracker | F94: 92 | I94: 385.07 | K94: =IF(COUNT(H94:J94)>=2,MAX(H94:J94)-MIN(H94:J94),"") | L94: =IF(ISNUMBER(K94),IF(MAX(ABS(MAX(H94:J94)),ABS(MIN(H94:J94)))=0,"",K94/MAX(ABS(MAX(H94:J94)),ABS(MIN(H94:J94)))),"") | M94: =IF(AND(ISNUMBER(K94),ISNUMBER(L94)),IF(AND(K94>=Ringkasan!$B$10,L94>=Ringkasan!$B$11),"yes",""),"") | N94: SolanaTracker | Q94: fomo; pumpfun-app | U94: 93
A95: GAYeu4sM42VJANeJBJ4ckKyGD2gBcmrjMEtwwCe1yGBh | C95: =COUNT(E95:G95) | D95: SolanaTracker | F95: 93 | I95: 382.33 | K95: =IF(COUNT(H95:J95)>=2,MAX(H95:J95)-MIN(H95:J95),"") | L95: =IF(ISNUMBER(K95),IF(MAX(ABS(MAX(H95:J95)),ABS(MIN(H95:J95)))=0,"",K95/MAX(ABS(MAX(H95:J95)),ABS(MIN(H95:J95)))),"") | M95: =IF(AND(ISNUMBER(K95),ISNUMBER(L95)),IF(AND(K95>=Ringkasan!$B$10,L95>=Ringkasan!$B$11),"yes",""),"") | N95: SolanaTracker | Q95: axiom | U95: 94
A96: 2uYtHEunePGBDbAQFe9bX7Qnn4rx2FJa2PgPNRAEdmdC | B96: VeiledFernLute | C96: =COUNT(E96:G96) | D96: SolanaTracker | F96: 94 | I96: 380.72 | K96: =IF(COUNT(H96:J96)>=2,MAX(H96:J96)-MIN(H96:J96),"") | L96: =IF(ISNUMBER(K96),IF(MAX(ABS(MAX(H96:J96)),ABS(MIN(H96:J96)))=0,"",K96/MAX(ABS(MAX(H96:J96)),ABS(MIN(H96:J96)))),"") | M96: =IF(AND(ISNUMBER(K96),ISNUMBER(L96)),IF(AND(K96>=Ringkasan!$B$10,L96>=Ringkasan!$B$11),"yes",""),"") | N96: SolanaTracker | Q96: pumpfun-app | U96: 95
A97: zm5eRfVBJ9vvRS431ywSDMq5okhSaiZdb6BHSTB9WM4 | C97: =COUNT(E97:G97) | D97: SolanaTracker | F97: 95 | I97: 379.65 | K97: =IF(COUNT(H97:J97)>=2,MAX(H97:J97)-MIN(H97:J97),"") | L97: =IF(ISNUMBER(K97),IF(MAX(ABS(MAX(H97:J97)),ABS(MIN(H97:J97)))=0,"",K97/MAX(ABS(MAX(H97:J97)),ABS(MIN(H97:J97)))),"") | M97: =IF(AND(ISNUMBER(K97),ISNUMBER(L97)),IF(AND(K97>=Ringkasan!$B$10,L97>=Ringkasan!$B$11),"yes",""),"") | N97: SolanaTracker | Q97: axiom | U97: 96
A98: EzbeF2bADKo6GutJyWmgodyGJFeBPhcrXSdZUXPX5WGc | C98: =COUNT(E98:G98) | D98: SolanaTracker | F98: 96 | I98: 378.92 | K98: =IF(COUNT(H98:J98)>=2,MAX(H98:J98)-MIN(H98:J98),"") | L98: =IF(ISNUMBER(K98),IF(MAX(ABS(MAX(H98:J98)),ABS(MIN(H98:J98)))=0,"",K98/MAX(ABS(MAX(H98:J98)),ABS(MIN(H98:J98)))),"") | M98: =IF(AND(ISNUMBER(K98),ISNUMBER(L98)),IF(AND(K98>=Ringkasan!$B$10,L98>=Ringkasan!$B$11),"yes",""),"") | N98: SolanaTracker | Q98: axiom; photon | U98: 97
A99: CQmQeF6m6QPqrzSPJVApyTspGkgHQUkXsAskX6SgzeuK | B99: needycrab76328 | C99: =COUNT(E99:G99) | D99: SolanaTracker | F99: 97 | I99: 378.73 | K99: =IF(COUNT(H99:J99)>=2,MAX(H99:J99)-MIN(H99:J99),"") | L99: =IF(ISNUMBER(K99),IF(MAX(ABS(MAX(H99:J99)),ABS(MIN(H99:J99)))=0,"",K99/MAX(ABS(MAX(H99:J99)),ABS(MIN(H99:J99)))),"") | M99: =IF(AND(ISNUMBER(K99),ISNUMBER(L99)),IF(AND(K99>=Ringkasan!$B$10,L99>=Ringkasan!$B$11),"yes",""),"") | N99: SolanaTracker | Q99: pumpfun-app | U99: 98
A100: HeMaQvWEQUj2e72LVUTaFzf2JmKFDCtzkuQxmbTLDcvw | C100: =COUNT(E100:G100) | D100: SolanaTracker | F100: 98 | I100: 372.16 | K100: =IF(COUNT(H100:J100)>=2,MAX(H100:J100)-MIN(H100:J100),"") | L100: =IF(ISNUMBER(K100),IF(MAX(ABS(MAX(H100:J100)),ABS(MIN(H100:J100)))=0,"",K100/MAX(ABS(MAX(H100:J100)),ABS(MIN(H100:J100)))),"") | M100: =IF(AND(ISNUMBER(K100),ISNUMBER(L100)),IF(AND(K100>=Ringkasan!$B$10,L100>=Ringkasan!$B$11),"yes",""),"") | N100: SolanaTracker | Q100: axiom | U100: 99
...

Sheet Vybe
A1: rank | B1: trader_address | C1: name | D1: labels | E1: realized_pnl_usd
A2: 1 | B2: 8rvAsDKeAcEjEkiZMug9k8v1y8mW6gQQiMobd89Uy7qR | C2: Casino | D2: KOL | E2: 2714.1185
A3: 2 | B3: 4yo9CUuTBbds9NFhZd4MzPiZZkUvveXdTnAH8qMsE8ku | C3: Gfree | D3: KOL | E3: 1896.4555
A4: 3 | B4: AVjEtg2ECYKXYeqdRQXvaaAZBjfTjYuSMTR4WLhKoeQN | C4: Putrick | D4: KOL | E4: 974.79228
A5: 4 | B5: HYSq1KBAvqWpEv1pCbV31muKM1za5A1WSHGdiVLUoNhb | C5: Apex 屮 | D5: KOL | E5: 924.81458
A6: 5 | B6: 39q2g5tTQn9n7KnuapzwS2smSx3NGYqBoea11tBjsGEt | C6: Walta | D6: KOL | E6: 848.06988
A7: 6 | B7: 3L8RAxLkvwkz4CgHivaVRtq19741FAdGLk5DgjRfc1fW | C7: Inquixit | D7: KOL | E7: 780.72202
A8: 7 | B8: 9tY7u1HgEt2RDcxym3RJ9sfvT3aZStiiUwXd44X9RUr8 | C8: Solana degen | D8: KOL | E8: 684.20611
A9: 8 | B9: BTf4A2exGK9BCVDNzy65b9dUzXgMqB4weVkvTMFQsadd | C9: Kev | D9: KOL | E9: 491.60421
A10: 9 | B10: 8fsKLLtvKNanL4ginCaiRS6UfeemY11rSf8U8fN1dJw4 | C10: Stigman | D10: KOL | E10: 312.93133
A11: 10 | B11: EeXvxkcGqMDZeTaVeawzxm9mbzZwqDUMmfG3bF7uzumH | C11: milito | D11: KOL | E11: 300.73354
A12: 11 | B12: 5vg7he5HibvsAW86wfiuP6jw7VwKmUAnP6P93mVCdpJu | C12: blixze ♱ | D12: KOL | E12: 253.14857
A13: 12 | B13: 4S8YBCt6hhi7Nr1NnKF6jF856LLN8JJFzD1a8nF5UuHA | C13: shaka | D13: KOL | E13: 230.64957
A14: 13 | B14: 9iaawVBEsFG35PSwd4PahwT8fYNQe9XYuRdWm872dUqY | C14: Meechie | D14: KOL | E14: 203.03593
A15: 14 | B15: 9B3XkfDxCG3QBrVMEDMVNzJn5tJsGkERWMAypC98PkEH | E15: 184.65304
A16: 15 | B16: gangJEP5geDHjPVRhDS5dTF5e6GtRvtNogMEEVs91RV | C16: Qavec | D16: KOL | E16: 137.33866
A17: 16 | B17: 6uCmBAxg9kgyiyzPs2XhYjebiadWwDxnmkMJ1djYBB1 | E17: 115.6291
A18: 17 | B18: 8CCb5QnL2viBUDvb6piyuawe7h4WwP2RdAiN52au22Wh | E18: 113.75503
A19: 18 | B19: 9aGU3qY1e1b2eYikui8n8FK2pLhwWmFV2j1RALFQcfCX | E19: 87.44444
A20: 19 | B20: Bjka6ui7kf8coVg7aC6TQC6736TZvSdcyHBPQczF5RG9 | E20: 85.978943
A21: 20 | B21: 87YAxAWhwp4hiTuJrMpRBL4tY9FFWpv4XXCR2PbdLgKa | E21: 70.930526
A22: 21 | B22: EQaxqKT3N981QBmdSUGNzAGK5S26zUwAdRHhBCgn87zD | C22: jamessmith | D22: KOL | E22: 53.7073
A23: 22 | B23: 9WgWgxxqgvYjNHeHm3Nci2JmF35hTf7Ri3qX2gV2fivX | E23: 50.474959
A24: 23 | B24: DW21bL8PyH1dNKtJBMLSZ227iyKT1kUzWHJV55hKNhf6 | E24: 39.872889
A25: 24 | B25: 7Js5gmq57y9jG2sseKrAeJt3vbncSWSFFHDEsyJDnyVm | C25: Yami 𓃵 | D25: KOL | E25: 35.641149
A26: 25 | B26: DzgANUkdPBYCN2Z65aVMsMWPNNJT9c4KhBTXtBwzaPnH | E26: 29.718588
A27: 26 | B27: Dw54DCQwJMNegyF2MJFrhevgeuNxkFZ4FNp1yGgycHN9 | E27: 25.686946
A28: 27 | B28: GXhR4ax3eUuKFgqo5z7nSusD4PCbZ6Q2dobuy6taM4wb | E28: 24.089801
A29: 28 | B29: 99i9uVA7Q56bY22ajKKUfTZTgTeP5yCtVGsrG9J4pDYQ | C29: Zrool 尔 | D29: KOL | E29: 23.79783
A30: 29 | B30: EB1pXGLBpyTEWGNZVgw1rcuhSYAk2dkwnRx9r1A6QWME | E30: 23.36355
A31: 30 | B31: DZyGibU23LEkE2452Pr6YKdz1W6wA2jmhVfHSZNTEx4N | E31: 23.074786
A32: 31 | B32: 6p4MnFpQv8yf1xJhvQDnUDKbBKzyPnGx9KffmWvUYpt1 | E32: 21.725653
A33: 32 | B33: 9WY8vHeTvkDvaxEsGg1jz1QbAduggADfX8wL6hykcPna | E33: 18.632722
A34: 33 | B34: 4e4rn7UpaRcjK3BFsZijz9schkQEB3boKKdW9824GHp6 | E34: 13.957776
A35: 34 | B35: G9wcxXBmqaDS1BTLULCdYkWYktqsXTicd5Qyk7DHiYTZ | E35: 12.681756
A36: 35 | B36: 3J4mqL4tY6SyTWu9gPs4KFaX54TZZJNNfzxxjFGDQzUN | E36: 12.397127
A37: 36 | B37: D8pdbmmivyt3UY7tZcjfQPMsLfNZTYdYpu1MFd17jxiX | E37: 11.46664
A38: 37 | B38: FKFyY4cmnShXswyh7QizNdEDznqegQMEdAZcvkUiZLSk | E38: 10.474009
A39: 38 | B39: 4vXxDXZ6cbnpG8gRFxw4UxrHa5W5nW1xE1zmWfU9b9PK | E39: 9.463115
A40: 39 | B40: 5GW4Gk5JbkHxiyrXeuBejCeVnK7GSTyMcQ5Wf3jD1Qnt | E40: 8.2378672
A41: 40 | B41: Dpdypk8iiysF2CoXjLZULgWjdVU7cG3w8tnYUyRFP7W4 | E41: 8.2044153
... A101: 100 | B101: CwoRXhrvoKtcuMAk133ZVygmuY3EDH86ZDixXsQzCQEA | E101: 0.0078315407

Sheet SolanaTracker
A1: rank | B1: wallet | C1: labels | D1: identity_name | E1: realized_pnl_usd | F1: unrealized_pnl_usd | G1: total_pnl_usd | H1: roi | I1: invested_usd | J1: proceeds_usd | K1: buys | L1: sells | M1: first_trade_utc | N1: last_trade_utc | O1: hold_time_secs | P1: balance | Q1: value_usd | R1: wallet_lifetime_realized_pnl_usd | S1: wallet_lifetime_trades | T1: wallet_tokens_traded
A2: 1 | B2: 9LxMdvs1m8QRFvFuhvzzMXykAkpaHTJhktULdpBztUMm | C2: axiom;bloom | E2: 5860.66 | F2: 0 | G2: 5860.66 | H2: 1925.12 | I2: 304.43 | J2: 6165.09 | K2: 1 | L2: 25 | M2: 2026-10-15T05:00:50Z | N2: 2026-10-15T05:34:59Z | O2: 2049 | P2: 0 | Q2: 0 | R2: 532689.12 | S2: 62159 | T2: 6698
A3: 2 | B3: FASTESTv3ZKg9hbwQHf64pBfRxaD3NyP3exgCFhKeyX5 | C3: axiom | E3: 3554.51 | F3: 0 | G3: 3554.51 | H3: 0 | I3: 0 | J3: 3554.51 | K3: 0 | L3: 7 | M3: 2026-10-15T05:41:23Z | N3: 2026-10-15T05:42:46Z | P3: 0 | Q3: 0 | R3: 56045.82 | S3: 8159 | T3: 1475
A4: 3 | B4: AH75Bn6QHSt5K2Ad4p1otns3JTwpSJWZTwiwKWNhmnKx | C4: fomo | D4: bystevenr | E4: 3183.42 | F4: 0 | G4: 3183.42 | H4: 127.67 | I4: 2493.41 | J4: 5676.83 | K4: 4 | L4: 1 | M4: 2026-10-15T05:11:53Z | N4: 2026-10-15T05:34:56Z | O4: 1383 | P4: 0 | Q4: 0 | R4: 121907.1 | S4: 2586 | T4: 450
A5: 4 | B5: 8rvAsDKeAcEjEkiZMug9k8v1y8mW6gQQiMobd89Uy7qR | C5: kol;terminal;axiom;pumpfun-app;bloom;sns | D5: Casino | E5: 2687.3 | F5: 0 | G5: 2687.3 | H5: 229.78 | I5: 1169.5 | J5: 3856.8 | K5: 5 | L5: 5 | M5: 2026-10-15T05:05:15Z | N5: 2026-10-15T05:17:12Z | O5: 716 | P5: 0 | Q5: 0 | R5: 4109748.6 | S5: 188697 | T5: 41142
A6: 5 | B6: 6END8c4Xk81hHnwGT331W9bszBiEPBHkm4hWnZLNDfmp | C6: axiom | E6: 2330.42 | F6: 0 | G6: 2330.42 | H6: 228.72 | I6: 1018.9 | J6: 3349.32 | K6: 2 | L6: 17 | M6: 2026-10-15T05:10:45Z | N6: 2026-10-15T05:24:13Z | O6: 4515 | P6: 2.793968e-09 | Q6: 0 | R6: 23043.03 | S6: 1206 | T6: 175
A7: 6 | B7: CLeLSah38ADw1gFR1ARb3F1zJYUrUsaTpNXQPgqqxDDd | C7: fomo | E7: 2175.21 | F7: 0 | G7: 2175.21 | H7: 201.64 | I7: 1078.77 | J7: 3253.99 | K7: 2 | L7: 5 | M7: 2026-10-15T05:01:43Z | N7: 2026-10-15T05:34:20Z | O7: 1957 | P7: 0 | Q7: 0 | R7: -102.17 | S7: 622 | T7: 120
A8: 7 | B8: o997fRSR6LJmTbgjjf3QNSh6ZeEQ9AdmBJCLaokaFmu | C8: fomo | E8: 2093.41 | F8: 1288.71 | G8: 3382.13 | H8: 666.42 | I8: 507.51 | J8: 2372.47 | K8: 2 | L8: 2 | M8: 2026-10-15T05:04:28Z | N8: 2026-10-15T05:34:40Z | O8: 4891 | P8: 6194219.2 | Q8: 1517.17 | R8: 6124.73 | S8: 270 | T8: 87
A9: 8 | B9: 6NZWg24HVWuhPrNQuJ5bdxGYmUTrB62tAQEmHnyErErL | C9: gmgn | E9: 1864.46 | F9: 0 | G9: 1864.46 | H9: 599.69 | I9: 310.91 | J9: 2175.36 | K9: 3 | L9: 6 | M9: 2026-10-15T05:01:30Z | N9: 2026-10-15T05:25:37Z | O9: 1447 | P9: 0 | Q9: 0 | R9: 3136.28 | S9: 257 | T9: 71
A10: 9 | B10: GunhR3usjEjQfiDe7ejuHZ9rGZ7BfZjGFXDr8AtcEzMR | C10: axiom | E10: 1632.41 | F10: 0 | G10: 1632.41 | H10: 0 | I10: 0 | J10: 1632.41 | K10: 0 | L10: 15 | M10: 2026-10-15T05:12:12Z | N10: 2026-10-15T05:12:17Z | P10: 0 | Q10: 0 | R10: -9380.74 | S10: 9724 | T10: 1622
A11: 10 | B11: EFJxb2HNhpPKmfZzoXHLzokEf6gRdzs3Z3hLNxFBQyJm | C11: fomo | D11: Harko | E11: 1533.83 | F11: 0 | G11: 1533.83 | H11: 139.46 | I11: 1099.84 | J11: 2633.67 | K11: 2 | L11: 4 | M11: 2026-10-15T05:08:22Z | N11: 2026-10-15T05:34:22Z | O11: 1560 | P11: 0 | Q11: 0 | R11: 35385.64 | S11: 1823 | T11: 387
A12: 11 | B12: 6cLXobwM9PkXaiV2hFg2FwAH5eAUuodgQWNU7vAQESBC | C12: axiom | E12: 1523.27 | F12: 8.85 | G12: 1532.12 | H12: 137.18 | I12: 1116.89 | J12: 2085.89 | K12: 32 | L12: 5 | M12: 2026-10-15T05:00:26Z | N12: 2026-10-15T06:25:01Z | O12: 5134 | P12: 2299040.4 | Q12: 563.11 | R12: 908.34 | S12: 177 | T12: 29
A13: 12 | B13: EU8f7oUVEFKYBymLYkDihr8LemRySsoHiy3TaHbnTD9X | C13: axiom | E13: 1409.91 | F13: 0 | G13: 1409.91 | H13: 775.96 | I13: 181.7 | J13: 1591.6 | K13: 9 | L13: 34 | M13: 2026-10-15T04:58:38Z | N13: 2026-10-15T05:19:50Z | O13: 1272 | P13: 0 | Q13: 0 | R13: 82829.89 | S13: 32322 | T13: 6554
A14: 13 | B14: BSsyo5oh2tuaZBjjWq6V3NHS66BTHfmV1aJd6RDyknLQ | C14: fomo | D14: Clark 🆓 | E14: 1408.69 | F14: 733.87 | G14: 2142.55 | H14: 119.03 | I14: 1800 | J14: 2408.69 | K14: 6 | L14: 3 | M14: 2026-10-15T05:11:38Z | N14: 2026-10-15T05:46:15Z | O14: 4461 | P14: 6262404.2 | Q14: 1533.87 | R14: 132264.79 | S14: 2055 | T14: 414
A15: 14 | B15: 9sqBx1FqZqTi1Zo4TpRamwQDED7wgeueh7wSUyxhKpJE | C15: axiom | E15: 1379.73 | F15: 0 | G15: 1379.73 | H15: 683.47 | I15: 201.87 | J15: 1581.6 | K15: 9 | L15: 34 | M15: 2026-10-15T04:58:38Z | N15: 2026-10-15T05:19:50Z | O15: 1272 | P15: 0 | Q15: 0 | R15: 75993.37 | S15: 32216 | T15: 6552
A16: 15 | B16: 6SHqkzJfZYiNqmz4xDiwndEAqbubuAVt44LwJ9GF3obS | C16: axiom;fomo | D16: ocr ⚘ | E16: 1243.76 | F16: 0 | G16: 1243.76 | H16: 46.07 | I16: 2700 | J16: 3943.76 | K16: 7 | L16: 1 | M16: 2026-10-15T05:13:26Z | N16: 2026-10-15T05:34:21Z | O16: 1255 | P16: 0 | Q16: 0 | R16: -127952.33 | S16: 7375 | T16: 1714
A17: 16 | B17: DPQXGSpn4NXJxUNRwzAJ84CuufM83mToiJseVwPRKL3u | C17: axiom;fomo | D17: jaq | E17: 1222.39 | F17: 0 | G17: 1222.39 | H17: 35.98 | I17: 3397 | J17: 4619.4 | K17: 10 | L17: 4 | M17: 2026-10-15T05:06:05Z | N17: 2026-10-15T05:51:00Z | O17: 2695 | P17: 0 | Q17: 0 | R17: -188691.37 | S17: 1820 | T17: 309
A18: 17 | B18: HTYho9ioTJcS4Dymi57HB65RBFu549gjyQ7kncfkknti | C18: fomo | D18: BrazilZZ🇧🇷 | E18: 1194.31 | F18: 0 | G18: 1194.31 | H18: 47.78 | I18: 2499.4 | J18: 3693.71 | K18: 3 | L18: 3 | M18: 2026-10-15T05:12:10Z | N18: 2026-10-15T05:35:01Z | O18: 1372 | P18: 0 | Q18: 0 | R18: -70813.56 | S18: 10328 | T18: 2033
A19: 18 | B19: 5dQJ5xZZ1qjcLDZ8PDqymMeKzBDnLFjtzmJv4aCfpui8 | C19: axiom | E19: 1159.82 | F19: 0 | G19: 1159.82 | H19: 619.02 | I19: 187.36 | J19: 1347.18 | K19: 9 | L19: 34 | M19: 2026-10-15T04:58:38Z | N19: 2026-10-15T05:19:50Z | O19: 1272 | P19: 0 | Q19: 0 | R19: 89790.61 | S19: 32281 | T19: 6556
A20: 19 | B20: 7D5fAcz2LTARqPc7D1L2aVFDajizw358PV4tPCTDJpE5 | C20: potential_bot;fomo | D20: The Night Owl | E20: 1137.87 | F20: 3036.35 | G20: 4174.22 | H20: 196.71 | I20: 2122 | J20: 1628.17 | K20: 10 | L20: 2 | M20: 2026-10-15T05:10:17Z | N20: 2026-10-15T05:54:29Z | O20: 4542 | P20: 19058507 | Q20: 4668.05 | R20: 39368.03 | S20: 3914 | T20: 700
A21: 20 | B21: HB3GebzspXg5PBpeqewkjHPxugf4Uhx8xdZWGPC9q5ks | C21: axiom;pumpfun-app | D21: snacky14 | E21: 1120.56 | F21: 0 | G21: 1120.56 | H21: 78.73 | I21: 1423.3 | J21: 1520.46 | K21: 8 | L21: 7 | M21: 2026-10-15T05:04:54Z | N21: 2026-10-15T05:12:30Z | O21: 457 | P21: 0 | Q21: 0 | R21: 260289.35 | S21: 15008 | T21: 2153
A22: 21 | B22: 6qtsui7ntgkDyB1YzokZAmDeBRTe1GcWTpT76uKpPBPu | C22: axiom | E22: 1110.46 | F22: 0 | G22: 1110.46 | H22: 582.09 | I22: 190.77 | J22: 1301.24 | K22: 9 | L22: 39 | M22: 2026-10-15T04:58:38Z | N22: 2026-10-15T05:19:50Z | O22: 1272 | P22: 0 | Q22: 0 | R22: 90494.21 | S22: 32400 | T22: 6562
A23: 22 | B23: 3YRuiSpoPpxjrdZMTQvXVK2v4Cjdy6ZTzV5NpxSaW4gQ | C23: axiom;bloom | E23: 1054.96 | F23: 0 | G23: 1054.96 | H23: 0 | I23: 0 | J23: 1054.96 | K23: 0 | L23: 9 | M23: 2026-10-15T05:10:48Z | N23: 2026-10-15T05:12:11Z | P23: 0 | Q23: 0 | R23: 235449.04 | S23: 28002 | T23: 6151
A24: 23 | B24: FSHXkmt8TPdwE3Qe9xxpX7QFVfJC4YfdDsCzZmM2G2Wi | C24: axiom;sns | D24: neverforever.sol | E24: 1017.8 | F24: 0 | G24: 1017.8 | H24: 57.92 | I24: 1757.29 | J24: 2775.09 | K24: 14 | L24: 34 | M24: 2026-10-15T05:05:04Z | N24: 2026-10-15T05:48:23Z | O24: 2598 | P24: 0 | Q24: 0 | R24: 136418.25 | S24: 15551 | T24: 2035
A25: 24 | B25: 9NVFdRNEcreYDZqJAhennP2tTzaiNC2p9h9HWTdjLBuB | C25: axiom;fomo | E25: 1006.62 | F25: 0 | G25: 1006.62 | H25: 40.32 | I25: 2496.63 | J25: 3503.26 | K25: 6 | L25: 4 | M25: 2026-10-15T05:26:15Z | N25: 2026-10-15T05:58:19Z | O25: 1924 | P25: 0 | Q25: 0 | R25: 57866.11 | S25: 14571 | T25: 3789
A26: 25 | B26: DFvoyXaNPANK9ENGekE88FALjt2CMHWspZKTg62hJJ1Z | C26: fomo | E26: 998.59 | F26: 0 | G26: 998.59 | H26: 96.11 | I26: 1038.98 | J26: 2037.58 | K26: 1 | L26: 1 | M26: 2026-10-15T05:14:58Z | N26: 2026-10-15T05:21:51Z | O26: 413 | P26: 0 | Q26: 0 | R26: 2038.85 | S26: 32 | T26: 12
A27: 26 | B27: DEdwtjvCs6dSadA8b6EQwCP95mXebTqMDK6wh13xhdpR | C27: terminal;axiom | E27: 989.4 | F27: 0 | G27: 989.4 | H27: 154.02 | I27: 642.38 | J27: 1631.78 | K27: 3 | L27: 9 | M27: 2026-10-15T05:00:00Z | N27: 2026-10-15T05:10:49Z | O27: 650 | P27: 0 | Q27: 0 | R27: 171795.89 | S27: 43891 | T27: 19105
A28: 27 | B28: GNJmDgfMeVD5gvfSFSyJzCXnFNSxM5xhnzSToTQ4YbUz | C28: axiom | E28: 983.76 | F28: 0 | G28: 983.76 | H28: 75.58 | I28: 1301.58 | J28: 2285.34 | K28: 7 | L28: 15 | M28: 2026-10-15T05:45:05Z | N28: 2026-10-15T05:59:12Z | O28: 847 | P28: 0 | Q28: 0 | R28: 19978.24 | S28: 6014 | T28: 1145
A29: 28 | B29: AVjEtg2ECYKXYeqdRQXvaaAZBjfTjYuSMTR4WLhKoeQN | C29: kol;axiom | D29: Putrick | E29: 970.55 | F29: 0 | G29: 970.55 | H29: 32.71 | I29: 2967 | J29: 3937.54 | K29: 25 | L29: 14 | M29: 2026-10-15T05:08:13Z | N29: 2026-10-15T05:43:18Z | O29: 2105 | P29: 0 | Q29: 0 | R29: 390230.04 | S29: 87305 | T29: 24806
A30: 29 | B30: HYSq1KBAvqWpEv1pCbV31muKM1za5A1WSHGdiVLUoNhb | C30: terminal;axiom;pumpfun-app | D30: Apex | E30: 923.91 | F30: 0 | G30: 923.91 | H30: 86.27 | I30: 1071.02 | J30: 1994.93 | K30: 6 | L30: 14 | M30: 2026-10-15T05:03:22Z | N30: 2026-10-15T05:10:53Z | O30: 451 | P30: 0 | Q30: 0 | R30: 349210.29 | S30: 34599 | T30: 5508
A31: 30 | B31: 5d3HHrbc9Ho48jibqiVM5GJi7cuL3p17SiJkc1y8qrQ3 | C31: axiom | E31: 916.13 | F31: 0 | G31: 916.13 | H31: 903.4 | I31: 101.41 | J31: 1017.54 | K31: 1 | L31: 28 | M31: 2026-10-15T05:02:05Z | N31: 2026-10-15T05:22:19Z | O31: 1214 | P31: 0 | Q31: 0 | R31: 792.09 | S31: 813 | T31: 200
A32: 31 | B32: BWiJ8aqkhSQx55KA4mB8KXv82ga2972tLtgpAZiuocrU | C32: terminal;axiom | E32: 914.37 | F32: 0 | G32: 914.37 | H32: 146.68 | I32: 623.39 | J32: 1537.76 | K32: 3 | L32: 9 | M32: 2026-10-15T05:00:00Z | N32: 2026-10-15T05:10:49Z | O32: 650 | P32: 0 | Q32: 0 | R32: 96695.12 | S32: 19459 | T32: 8062
A33: 32 | B33: 6AKrfdeLdgsR1NJjSEih7rajxv8AQvrkmmhn9HMuqrcf | C33: potential_bot | E33: 898.4 | F33: 0 | G33: 898.4 | H33: 0 | I33: 0 | J33: 898.4 | K33: 0 | L33: 5 | M33: 2026-10-15T04:58:40Z | N33: 2026-10-15T05:03:05Z | P33: 0 | Q33: 0 | R33: 830698.26 | S33: 5613 | T33: 3629
A34: 33 | B34: 9eUx1DGDzAQuEXR9pSR9u3QworFT8TRgFJatcCiXNURS | C34: fomo | D34: Tristan | E34: 883.38 | F34: 0 | G34: 883.38 | H34: 62.13 | I34: 1421.86 | J34: 2305.24 | K34: 2 | L34: 2 | M34: 2026-10-15T05:07:19Z | N34: 2026-10-15T05:21:40Z | O34: 862 | P34: 0 | Q34: 0 | R34: -9146.81 | S34: 446 | T34: 115
A35: 34 | B35: x2zQL7mx6YFuw31gsWJySDfoYjz9YPU6wXMTzuWkuHU | C35: axiom | E35: 867.83 | F35: 0 | G35: 867.83 | H35: 115.55 | I35: 751.02 | J35: 1618.85 | K35: 14 | L35: 17 | M35: 2026-10-15T05:02:49Z | N35: 2026-10-15T05:40:50Z | O35: 2281 | P35: 0 | Q35: 0 | R35: 31688.28 | S35: 5099 | T35: 874
A36: 35 | B36: BB1x5SKrqBmKk6PvwTtBi6J7knjVmTjXXp7azj6eTGRu | C36: axiom | E36: 860.43 | F36: 0 | G36: 860.43 | H36: 169.76 | I36: 506.85 | J36: 1367.28 | K36: 1 | L36: 13 | M36: 2026-10-15T05:05:04Z | N36: 2026-10-15T05:12:53Z | O36: 468 | P36: 0 | Q36: 0 | R36: 33748.8 | S36: 4187 | T36: 1186
A37: 36 | B37: 39q2g5tTQn9n7KnuapzwS2smSx3NGYqBoea11tBjsGEt | C37: kol;gmgn;photon | D37: Walta | E37: 846.26 | F37: 0 | G37: 846.26 | H37: 83.08 | I37: 1018.67 | J37: 1864.92 | K37: 2 | L37: 3 | M37: 2026-10-15T05:10:37Z | N37: 2026-10-15T05:18:59Z | O37: 502 | P37: 0 | Q37: 0 | R37: 743750.32 | S37: 26059 | T37: 6429
A38: 37 | B38: 3muYDxhtxKLvBvmwxo2DNVNsjG38LLWMmvhuewvyYPnK | C38: axiom | E38: 839.02 | F38: 0 | G38: 839.02 | H38: 165.68 | I38: 506.42 | J38: 1345.45 | K38: 1 | L38: 6 | M38: 2026-10-15T05:05:04Z | N38: 2026-10-15T05:12:23Z | O38: 438 | P38: 0 | Q38: 0 | R38: 17750.29 | S38: 4156 | T38: 1201
A39: 38 | B39: 8WKJJeDBrK8TPtqZXTXXqbsJV6UoXZx9UQBrPf1QqUvG | C39: axiom;photon | E39: 822.53 | F39: 0 | G39: 822.53 | H39: 201.3 | I39: 408.61 | J39: 1231.14 | K39: 2 | L39: 5 | M39: 2026-10-15T05:08:01Z | N39: 2026-10-15T05:15:08Z | O39: 427 | P39: 0 | Q39: 0 | R39: 150143.56 | S39: 2390 | T39: 794
A40: 39 | B40: CTVa2f63dtzf3tx7NBPe3bhV2a5SYm5UiyYSQmV3DDBD | C40: fomo | D40: ///Steki🧲 | E40: 786.29 | F40: 0 | G40: 786.29 | H40: 39.37 | I40: 1997.01 | J40: 2783.3 | K40: 1 | L40: 3 | M40: 2026-10-15T05:12:59Z | N40: 2026-10-15T05:34:38Z | O40: 1300 | P40: 0 | Q40: 0 | R40: 10644.3 | S40: 642 | T40: 134
A41: 40 | B41: 3L8RAxLkvwkz4CgHivaVRtq19741FAdGLk5DgjRfc1fW | C41: kol;terminal;axiom;bloom;sns | D41: Inquixit | E41: 780.84 | F41: 0 | G41: 780.84 | H41: 104.2 | I41: 749.33 | J41: 1530.18 | K41: 14 | L41: 17 | M41: 2026-10-15T05:02:49Z | N41: 2026-10-15T05:40:50Z | O41: 2281 | P41: 0 | Q41: 0 | R41: 182238.97 | S41: 23421 | T41: 4404
A42: 41 | B42: gangJEP5geDHjPVRhDS5dTF5e6GtRvtNogMEEVs91RV | C42: kol;terminal;axiom;pumpfun-app | D42: Qavec | E42: 770.68 | F42: 0 | G42: 770.68 | H42: 420.56 | I42: 183.25 | J42: 953.93 | K42: 10 | L42: 8 | M42: 2026-10-15T05:04:01Z | N42: 2026-10-15T05:07:32Z | O42: 211 | P42: 0 | Q42: 0 | R42: 573503.82 | S42: 128106 | T42: 22141
A43: 42 | B43: 5aLY85pyxiuX3fd4RgM3Yc1e3MAL6b7UgaZz6MS3JUfG | E43: 740.84 | F43: 0 | G43: 740.84 | H43: 18.53 | I43: 3998.56 | J43: 4739.4 | K43: 14 | L43: 14 | M43: 2026-10-15T05:05:19Z | N43: 2026-10-15T06:02:43Z | O43: 3443 | P43: 0 | Q43: 0 | R43: 3390263 | S43: 1244014 | T43: 49499
A44: 43 | B44: AHwQ8ytXEXW7NSP2EFuQSFkbNK85dMJrfuRdRPt45qri | C44: axiom | E44: 729.83 | F44: 0 | G44: 729.83 | H44: 21.85 | I44: 3339.51 | J44: 4069.34 | K44: 8 | L44: 10 | M44: 2026-10-15T05:08:21Z | N44: 2026-10-15T05:46:50Z | O44: 2309 | P44: 0 | Q44: 0 | R44: 5881.64 | S44: 4215 | T44: 890
A45: 44 | B45: A6cjgEcg5zyBn93hsKKHeFP7j5D86BVpN2Nuz81Y71gX | E45: 706.38 | F45: 0 | G45: 706.38 | H45: 0 | I45: 0 | J45: 706.38 | K45: 0 | L45: 2 | M45: 2026-10-15T05:41:19Z | N45: 2026-10-15T05:50:49Z | P45: 0 | Q45: 0 | R45: 31707.83 | S45: 319 | T45: 138
A46: 45 | B46: EAc26Jr5yVNFXYbzsAYJj59J4Z1k9jEnd4B2jC7ta6pB | C46: axiom | E46: 703.85 | F46: 2223.29 | G46: 2927.13 | H46: 287.45 | I46: 1018.3 | J46: 933.95 | K46: 2 | L46: 4 | M46: 2026-10-15T05:05:57Z | N46: 2026-10-15T06:20:31Z | O46: 4802 | P46: 12295131 | Q46: 3011.48 | R46: 6251.5 | S46: 2332 | T46: 780
A47: 46 | B47: 8VFMdX5fhE7Azg2zZHyPR73Bd9x1vVEf3AjbaBziuvCu | C47: terminal | E47: 703.14 | F47: 0 | G47: 703.14 | H47: 0 | I47: 0 | J47: 703.14 | K47: 0 | L47: 1 | M47: 2026-10-15T05:37:28Z | N47: 2026-10-15T05:37:28Z | P47: 0 | Q47: 0 | R47: 17941.39 | S47: 66 | T47: 38
A48: 47 | B48: 5h857RqmgcSjf2yz6E9Jh2zga5RaYTKzm1yK4uSnKD7n | C48: axiom | E48: 687.1 | F48: 0 | G48: 687.1 | H48: 64.19 | I48: 1070.41 | J48: 1757.51 | K48: 5 | L48: 6 | M48: 2026-10-15T05:00:25Z | N48: 2026-10-15T05:23:52Z | O48: 1407 | P48: 0 | Q48: 0 | R48: 35117.77 | S48: 10373 | T48: 3375
A49: 48 | B49: 9tY7u1HgEt2RDcxym3RJ9sfvT3aZStiiUwXd44X9RUr8 | C49: kol;axiom | D49: Solana degen | E49: 684.11 | F49: 0 | G49: 684.11 | H49: 74.63 | I49: 916.7 | J49: 1600.82 | K49: 21 | L49: 19 | M49: 2026-10-15T05:39:54Z | N49: 2026-10-15T05:42:37Z | O49: 163 | P49: 0 | Q49: 0 | R49: 364045.78 | S49: 157954 | T49: 5933
A50: 49 | B50: HP2ZzCnMP8NKFngqtpjvt6qR5YRDm3c3rubbAUvQMsqL | C50: axiom;fomo | D50: fomo-user | E50: 668.82 | F50: 0 | G50: 668.82 | H50: 134.16 | I50: 498.5 | J50: 1167.32 | K50: 1 | L50: 2 | M50: 2026-10-15T05:07:12Z | N50: 2026-10-15T05:14:41Z | O50: 449 | P50: 0 | Q50: 0 | R50: 35133.4 | S50: 537 | T50: 207
A51: 50 | B51: CABgtkGrBFDs7fU8zCBog1RnrVC5VhTN7LeRyVrVSMW1 | C51: axiom | E51: 668.03 | F51: 0 | G51: 668.03 | H51: 328.09 | I51: 203.62 | J51: 871.65 | K51: 9 | L51: 37 | M51: 2026-10-15T04:58:38Z | N51: 2026-10-15T05:19:50Z | O51: 1272 | P51: 0 | Q51: 0 | R51: 13979.68 | S51: 3087 | T51: 612
A52: 51 | B52: 7y5aRdzh5ZBYDhM4qKBwXzUUjKBSBperbrgWiE7AoAHG | E52: 647.58 | F52: 0 | G52: 647.58 | H52: 4.95 | I52: 13082.09 | J52: 11539.81 | K52: 177 | L52: 160 | M52: 2026-10-15T05:05:25Z | N52: 2026-10-15T06:02:17Z | O52: 3411 | P52: 0 | Q52: 0 | R52: 316541.71 | S52: 225254 | T52: 5162
A53: 52 | B53: 6MkqQcHN2oWGPDzA5dz8bnsGKvjHtWPd1tunZqgLLWMa | C53: axiom;fomo | D53: fauni | E53: 634.12 | F53: 1242.61 | G53: 1876.74 | H53: 105.7 | I53: 1775.6 | J53: 1134.31 | K53: 7 | L53: 1 | M53: 2026-10-15T05:12:32Z | N53: 2026-10-15T05:45:21Z | O53: 4407 | P53: 10280496 | Q53: 2518.03 | R53: 71314.91 | S53: 5790 | T53: 1165
A54: 53 | B54: 6n6cYoZbfnHgJfvhyJ56tq7Zk8E7iN3PiyTGCu57LgL2 | C54: axiom | E54: 631.32 | F54: 0 | G54: 631.32 | H54: 42.54 | I54: 1484.24 | J54: 2115.57 | K54: 13 | L54: 34 | M54: 2026-10-15T05:05:04Z | N54: 2026-10-15T05:48:23Z | O54: 2598 | P54: 0 | Q54: 0 | R54: 1929.3 | S54: 2860 | T54: 291
A55: 54 | B55: 3UK7T6LtFxSycQfKQDd7A69pwYwmjZWB5XaRGX59zhNo | C55: axiom | E55: 630.6 | F55: 0 | G55: 630.6 | H55: 124.31 | I55: 507.28 | J55: 1137.87 | K55: 1 | L55: 4 | M55: 2026-10-15T05:17:18Z | N55: 2026-10-15T05:25:14Z | O55: 476 | P55: 0 | Q55: 0 | R55: 889.56 | S55: 158 | T55: 45
A56: 55 | B56: B5NtdZhwE5irJJigz5frVja7iDy1PDzsre9ii6mY697Y | C56: potential_bot | E56: 626.46 | F56: 0 | G56: 626.46 | H56: 0 | I56: 0 | J56: 626.46 | K56: 0 | L56: 4 | M56: 2026-10-15T05:28:35Z | N56: 2026-10-15T06:22:49Z | P56: 0 | Q56: 0 | R56: 23528.45 | S56: 406 | T56: 292
A57: 56 | B57: CN5Yh3q2t8aEPVmU1CzJPpXbKCUGWFkVcThAystXUBbb | E57: 625.23 | F57: 0 | G57: 625.23 | H57: 0 | I57: 0 | J57: 625.23 | K57: 0 | L57: 5 | M57: 2026-10-15T05:37:19Z | N57: 2026-10-15T06:24:28Z | P57: 0 | Q57: 0 | R57: 8689.38 | S57: 271 | T57: 74
A58: 57 | B58: 99uJVmH5msDTC2yfvNiMwLSiFtFkvNxCXmosV1MGnLY | C58: axiom | E58: 604.96 | F58: 0 | G58: 604.96 | H58: 40.8 | I58: 1482.59 | J58: 2087.54 | K58: 13 | L58: 34 | M58: 2026-10-15T05:05:04Z | N58: 2026-10-15T05:48:23Z | O58: 2598 | P58: 0 | Q58: 0 | R58: 748.48 | S58: 2865 | T58: 292
A59: 58 | B59: B4JjCFtnEw7auYY28x2zkCRHaLCD8JRVnai8nh6taDud | E59: 600.75 | F59: 0 | G59: 600.75 | H59: 46.75 | I59: 1285 | J59: 1885.75 | K59: 4 | L59: 2 | M59: 2026-10-15T05:40:22Z | N59: 2026-10-15T05:58:00Z | O59: 1058 | P59: 0 | Q59: 0 | R59: 6848.61 | S59: 620 | T59: 31
A60: 59 | B60: 9bCKedAfVvpPeepsXAdq4DnW82rrLNnwEKv4AUaUHq1L | C60: pumpfun-app | D60: November1221 | E60: 599.45 | F60: 0 | G60: 599.45 | H60: 176.4 | I60: 339.83 | J60: 939.28 | K60: 3 | L60: 3 | M60: 2026-10-15T05:04:56Z | N60: 2026-10-15T05:34:02Z | O60: 1746 | P60: 0 | Q60: 0 | R60: 6745.54 | S60: 11523 | T60: 2916
A61: 60 | B61: 2ryDUcDr36jptBB2MLTyNS9GqrZrmpmLqNpEKASueLcX | C61: fomo | D61: MRPOKEMON | E61: 598.28 | F61: 81.07 | G61: 679.35 | H61: 12.64 | I61: 5373.16 | J61: 4350.51 | K61: 37 | L61: 17 | M61: 2026-10-15T05:45:27Z | N61: 2026-10-15T06:25:35Z | O61: 2433 | P61: 6948854.6 | Q61: 1702 | R61: -20119.47 | S61: 433 | T61: 30
A62: 61 | B62: J2GyrXgaqF4Z7kBXd8eAQZ3TSepNkSfDAW24jHuzobcV | C62: axiom | E62: 586.42 | F62: 0 | G62: 586.42 | H62: 192.9 | I62: 304 | J62: 890.42 | K62: 1 | L62: 9 | M62: 2026-10-15T05:02:44Z | N62: 2026-10-15T05:07:10Z | O62: 267 | P62: 0 | Q62: 0 | R62: 78809.19 | S62: 19955 | T62: 6036
A63: 62 | B63: Frgw6RGZCMvRAggUbG94YrJTimqY9tQV11Rw19XXKvs9 | C63: fomo | D63: MrLaFleur | E63: 578.55 | F63: 267.68 | G63: 846.23 | H63: 188.05 | I63: 450 | J63: 778.55 | K63: 3 | L63: 2 | M63: 2026-10-15T05:11:39Z | N63: 2026-10-15T05:53:35Z | O63: 4460 | P63: 2113553.2 | Q63: 517.68 | R63: -2818.98 | S63: 1268 | T63: 490
A64: 63 | B64: 87bEQ9JEEPp3GZKKk9Y2h1uw9Lw4UUAyyrXV5wEHGNLR | C64: potential_bot | E64: 571.22 | F64: 0 | G64: 571.22 | H64: 0 | I64: 0 | J64: 571.22 | K64: 0 | L64: 3 | M64: 2026-10-15T05:31:58Z | N64: 2026-10-15T05:36:56Z | P64: 0 | Q64: 0 | R64: 1073697.6 | S64: 14526 | T64: 1311
A65: 64 | B65: FehDPJwU9mAVmv2epKLWNwHBV7bCSBSNCzMmWhmjv6Ce | C65: potential_bot | E65: 566.31 | F65: 0 | G65: 566.31 | H65: 278.04 | I65: 203.68 | J65: 769.99 | K65: 1 | L65: 3 | M65: 2026-10-15T05:36:49Z | N65: 2026-10-15T06:04:55Z | O65: 1142 | P65: 0 | Q65: 0 | R65: 230950.13 | S65: 3434 | T65: 935
A66: 65 | B66: 72tAZjqymv4J2KHDPd3rzFkPL78tj556K32BJgBmBu5D | E66: 565.25 | F66: 0 | G66: 565.25 | H66: 13.6 | I66: 4157.76 | J66: 4723.01 | K66: 14 | L66: 14 | M66: 2026-10-15T05:05:18Z | N66: 2026-10-15T05:59:27Z | O66: 3249 | P66: 0 | Q66: 0 | R66: 81807.94 | S66: 22466 | T66: 2926
A67: 66 | B67: BEvw9mQbfQwbnQKy4XJQuxDbADuJMAhKaUVtdjj4fz8N | E67: 560.24 | F67: 0 | G67: 560.24 | H67: 28.57 | I67: 1961.16 | J67: 2521.4 | K67: 12 | L67: 12 | M67: 2026-10-15T05:10:49Z | N67: 2026-10-15T06:03:06Z | O67: 3136 | P67: 0 | Q67: 0 | R67: 462451.95 | S67: 79915 | T67: 8163
A68: 67 | B68: CXFFCxU4WvMqwcckUosKPyoejYriPwFn4PpEAvnpDnSq | C68: gmgn | E68: 557.42 | F68: 0 | G68: 557.42 | H68: 55.1 | I68: 1011.7 | J68: 1569.12 | K68: 11 | L68: 6 | M68: 2026-10-15T05:13:23Z | N68: 2026-10-15T06:25:00Z | O68: 4357 | P68: 6.98492e-10 | Q68: 0 | R68: -100.49 | S68: 824 | T68: 185
A69: 68 | B69: DCKddL7QCbB3VbghBkahHLWCt8jjKJLWLim2LJtA9p36 | C69: axiom | E69: 544.96 | F69: 0 | G69: 544.96 | H69: 37.24 | I69: 1463.22 | J69: 2008.18 | K69: 13 | L69: 34 | M69: 2026-10-15T05:05:04Z | N69: 2026-10-15T05:48:23Z | O69: 2598 | P69: 0 | Q69: 0 | R69: -4533.18 | S69: 3976 | T69: 557
A70: 69 | B70: 7BNaxx6KdUYrjACNQZ9He26NBFoFxujQMAfNLnArLGH5 | E70: 537.08 | F70: 0 | G70: 537.08 | H70: 14.77 | I70: 3635.93 | J70: 4173 | K70: 11 | L70: 11 | M70: 2026-10-15T05:06:11Z | N70: 2026-10-15T06:17:50Z | O70: 4299 | P70: 0 | Q70: 0 | R70: 3826184.5 | S70: 890796 | T70: 42747
A71: 70 | B71: 99Q2ZBYnzaHziqcb7RL88L4vejfmJsVazNbhB38Xte3J | C71: axiom | E71: 535.02 | F71: 0 | G71: 535.02 | H71: 495.93 | I71: 107.88 | J71: 642.9 | K71: 1 | L71: 28 | M71: 2026-10-15T04:58:39Z | N71: 2026-10-15T05:09:29Z | O71: 649 | P71: 0 | Q71: 0 | R71: 3966.71 | S71: 2070 | T71: 560
A72: 71 | B72: 2tgUbS9UMoQD6GkDZBiqKYCURnGrSb6ocYwRABrSJUvY | E72: 530.78 | F72: 0 | G72: 530.78 | H72: 8.23 | I72: 6447.43 | J72: 6978.21 | K72: 121 | L72: 121 | M72: 2026-10-15T05:06:40Z | N72: 2026-10-15T06:23:03Z | O72: 4583 | P72: 0 | Q72: 0 | R72: 2170853.8 | S72: 13050134 | T72: 59452
A73: 72 | B73: Hn3Edvyb38rJipW4F3aZLuYjXHppXvgJXFEWyHX5nPoT | E73: 529.51 | F73: 0 | G73: 529.51 | H73: 0 | I73: 0 | J73: 529.51 | K73: 0 | L73: 2 | M73: 2026-10-15T05:41:03Z | N73: 2026-10-15T05:52:11Z | P73: 0 | Q73: 0 | R73: 7668.87 | S73: 155 | T73: 74
A74: 73 | B74: x1wRVyxJ6xTsp9nQSZgeVsLazPwQbcvUwsb1t5y2WGA | C74: axiom | E74: 515.26 | F74: 0 | G74: 515.26 | H74: 71.84 | I74: 717.22 | J74: 1232.48 | K74: 14 | L74: 13 | M74: 2026-10-15T05:02:49Z | N74: 2026-10-15T05:40:50Z | O74: 2281 | P74: 0 | Q74: 0 | R74: 32390.23 | S74: 4983 | T74: 875
A75: 74 | B75: 9xoW7tmArozmTicuWeQybc9XyYHot8efMECgCDDZAPyF | C75: fomo | D75: Burry | E75: 499.31 | F75: 0 | G75: 499.31 | H75: 17.52 | I75: 2850 | J75: 3349.31 | K75: 4 | L75: 3 | M75: 2026-10-15T05:06:19Z | N75: 2026-10-15T05:35:52Z | O75: 1773 | P75: 0 | Q75: 0 | R75: -11927.2 | S75: 1185 | T75: 320
A76: 75 | B76: BTf4A2exGK9BCVDNzy65b9dUzXgMqB4weVkvTMFQsadd | C76: kol;gmgn;terminal;axiom;photon | D76: Kev | E76: 491.28 | F76: 0 | G76: 491.28 | H76: 106.34 | I76: 461.99 | J76: 953.28 | K76: 5 | L76: 1 | M76: 2026-10-15T05:01:23Z | N76: 2026-10-15T05:08:00Z | O76: 397 | P76: 0 | Q76: 0 | R76: 4269824.8 | S76: 239231 | T76: 77287
A77: 76 | B77: dtrzJPj7yDdvm6eRqBAgxsK2sMJeD9HhBEBB3XMedXy | C77: terminal;axiom;developer | E77: 489.03 | F77: 0 | G77: 489.03 | H77: 79.22 | I77: 617.34 | J77: 1106.37 | K77: 1 | L77: 8 | M77: 2026-10-15T04:58:28Z | N77: 2026-10-15T04:58:35Z | O77: 7 | P77: 0 | Q77: 0 | R77: 3322311.4 | S77: 82285 | T77: 16783
A78: 77 | B78: FUda9sJqhYPN81iSb5GEtHC2natgPTuHW8wQwcm7nb9J | C78: axiom | E78: 486 | F78: 257.87 | G78: 743.87 | H78: 45.3 | I78: 1642.22 | J78: 1437.89 | K78: 26 | L78: 49 | M78: 2026-10-15T05:12:45Z | N78: 2026-10-15T05:58:11Z | O78: 4394 | P78: 3871286.8 | Q78: 948.21 | R78: 1968.7 | S78: 255 | T78: 48
A79: 78 | B79: 7ntHY4u8cxyPdG48Jv7tBXgpr7375yooCSHz5aNV9ud6 | C79: terminal;axiom | E79: 485.21 | F79: 0 | G79: 485.21 | H79: 95.64 | I79: 507.34 | J79: 992.55 | K79: 1 | L79: 2 | M79: 2026-10-15T05:18:32Z | N79: 2026-10-15T05:24:01Z | O79: 329 | P79: 0 | Q79: 0 | R79: 2138.09 | S79: 135 | T79: 33
A80: 79 | B80: 2ZEQ7jhCXunw8EHsGRU7beBeayNtvm8rxhSZ5kH5Rhan | C80: axiom | E80: 483.1 | F80: 306.51 | G80: 789.61 | H80: 41.62 | I80: 1897.05 | J80: 1511.22 | K80: 30 | L80: 49 | M80: 2026-10-15T05:12:45Z | N80: 2026-10-15T05:58:12Z | O80: 4394 | P80: 4799054.3 | Q80: 1175.45 | R80: 2098.75 | S80: 251 | T80: 43
A81: 80 | B81: AZizBj4pgYGtzNZhBUFKHdk9twF5PPzgUuoHRkLsU9mG | C81: axiom | E81: 482.83 | F81: 0 | G81: 482.83 | H81: 445.08 | I81: 108.48 | J81: 591.31 | K81: 1 | L81: 28 | M81: 2026-10-15T04:58:39Z | N81: 2026-10-15T05:09:29Z | O81: 649 | P81: 0 | Q81: 0 | R81: -2075.65 | S81: 2325 | T81: 653
A82: 81 | B82: GpBNf1N7RhKitLiewPaEyLTSHyEgFQhmbxMqYUKN4nUA | C82: fomo | D82: hi | E82: 480.72 | F82: 0 | G82: 480.72 | H82: 80.12 | I82: 600 | J82: 1080.72 | K82: 1 | L82: 1 | M82: 2026-10-15T05:40:33Z | N82: 2026-10-15T05:46:23Z | O82: 350 | P82: 0 | Q82: 0 | R82: 25650.78 | S82: 791 | T82: 168
A83: 82 | B83: 6zfAFhaN1Yh93pQWkhAyZyvuXdRToDZyhhSjzrnqavJf | C83: gmgn | E83: 477.43 | F83: 129.76 | G83: 607.19 | H83: 73.74 | I83: 823.44 | J83: 1128.47 | K83: 4 | L83: 5 | M83: 2026-10-15T05:13:12Z | N83: 2026-10-15T05:55:48Z | O83: 4368 | P83: 1233640.8 | Q83: 302.16 | R83: -1600.38 | S83: 96 | T83: 33
A84: 83 | B84: apgeZdfGbn7ZAjH6rCQSepqRHT4Wa2XnK2jDDXX2ZnT | C84: axiom;pumpfun-app | D84: uppermarlin8343 | E84: 472.28 | F84: 0 | G84: 472.28 | H84: 97.13 | I84: 486.22 | J84: 476.66 | K84: 3 | L84: 1 | M84: 2026-10-15T05:16:48Z | N84: 2026-10-15T05:46:29Z | O84: 1609 | P84: 0 | Q84: 0 | R84: 68668.57 | S84: 3193 | T84: 1039
A85: 84 | B85: Fy7Z33b2f7b1L53C2KydPsdt7ypmRcuxqRU6L95rNnFc | C85: axiom | E85: 460.97 | F85: 0 | G85: 460.97 | H85: 225.74 | I85: 204.2 | J85: 665.17 | K85: 3 | L85: 18 | M85: 2026-10-15T05:05:45Z | N85: 2026-10-15T05:34:15Z | O85: 4815 | P85: 1.16415e-10 | Q85: 0 | R85: 2762.43 | S85: 2417 | T85: 767
A86: 85 | B86: Ajd34jDeB7ZVWjXp9BcQTfCLzgmhSpSMxdTrV8G2Gsdz | C86: pumpfun-app | D86: JadeEmpTerry | E86: 453.8 | F86: 0 | G86: 453.8 | H86: 0 | I86: 0 | J86: 453.8 | K86: 0 | L86: 1 | M86: 2026-10-15T05:35:03Z | N86: 2026-10-15T05:35:03Z | P86: 0 | Q86: 0 | R86: 591.04 | S86: 15 | T86: 8
A87: 86 | B87: ALL1V7x5gH59qUHdpAK5M1js9YMGhb94xarqoi8PTKqy | C87: fomo | D87: Siris | E87: 448.79 | F87: 106.21 | G87: 555 | H87: 92.51 | I87: 599.95 | J87: 968.98 | K87: 2 | L87: 6 | M87: 2026-10-15T05:11:26Z | N87: 2026-10-15T05:23:06Z | O87: 4474 | P87: 759275.58 | Q87: 185.97 | R87: -16424.48 | S87: 1746 | T87: 429
A88: 87 | B88: BiqikKKLbDbPQ62mZvEFBdATfqrFW3vmG5MSUzpihZ7n | C88: axiom | E88: 436.73 | F88: 0 | G88: 436.73 | H88: 402.07 | I88: 108.62 | J88: 545.35 | K88: 1 | L88: 28 | M88: 2026-10-15T04:58:39Z | N88: 2026-10-15T05:09:29Z | O88: 649 | P88: 0 | Q88: 0 | R88: 199568.17 | S88: 7918 | T88: 2007
A89: 88 | B89: 7H7nNar5d5YJED1kJ4p7FGD1XqzXmH1GnW9r3hqU7M3Z | E89: 424.14 | F89: 0 | G89: 424.14 | H89: 0 | I89: 0 | J89: 424.14 | K89: 0 | L89: 5 | M89: 2026-10-15T05:34:26Z | N89: 2026-10-15T06:24:26Z | P89: 0 | Q89: 0 | R89: 28723.86 | S89: 1972 | T89: 307
A90: 89 | B90: noRqR4WvSSrTu5NAssyTrjunSnFbnZzpQC1gwL88QYQ | E90: 405.87 | F90: 0 | G90: 405.87 | H90: 0 | I90: 0 | J90: 405.87 | K90: 0 | L90: 2 | M90: 2026-10-15T05:19:16Z | N90: 2026-10-15T05:34:57Z | P90: 0 | Q90: 0 | R90: 1946.23 | S90: 68 | T90: 24
A91: 90 | B91: CcHEWcHcoj2NZQJK2Frwp2hDFfAJCU9mtzdk7gGCtDXm | C91: fomo | E91: 405.43 | F91: 0 | G91: 405.43 | H91: 103.25 | I91: 392.68 | J91: 798.11 | K91: 6 | L91: 5 | M91: 2026-10-15T05:05:40Z | N91: 2026-10-15T05:51:32Z | O91: 2753 | P91: 0 | Q91: 0 | R91: -1697.71 | S91: 686 | T91: 189
A92: 91 | B92: 3ASXct2jhBroVuKxRdXiDsip9bX3YoTmQGirHH9UCaiG | C92: pumpfun-app | D92: TenQuietWhale | E92: 404.24 | F92: -4.21 | G92: 400.03 | H92: 127.52 | I92: 313.71 | J92: 441.13 | K92: 2 | L92: 2 | M92: 2026-10-15T05:35:36Z | N92: 2026-10-15T06:25:09Z | O92: 3023 | P92: 1112979.6 | Q92: 272.61 | R92: 3817.14 | S92: 1198 | T92: 295
A93: 92 | B93: 9ZepEnZGhtodtYqqtFxTRgrmk9z6MJy2kqVvhTPpaRes | C93: fomo;pumpfun-app | D93: expectedvalue | E93: 385.07 | F93: 0 | G93: 385.07 | H93: 129.32 | I93: 297.76 | J93: 546.29 | K93: 3 | L93: 5 | M93: 2026-10-15T05:11:11Z | N93: 2026-10-15T05:22:18Z | O93: 667 | P93: 0 | Q93: 0 | R93: 828.96 | S93: 8620 | T93: 1822
A94: 93 | B94: GAYeu4sM42VJANeJBJ4ckKyGD2gBcmrjMEtwwCe1yGBh | C94: axiom | E94: 382.33 | F94: 0 | G94: 382.33 | H94: 12.14 | I94: 3149.8 | J94: 3532.13 | K94: 16 | L94: 16 | M94: 2026-10-15T05:10:52Z | N94: 2026-10-15T06:24:22Z | O94: 4410 | P94: 0 | Q94: 0 | R94: 68005.91 | S94: 276658 | T94: 46831
A95: 94 | B95: 2uYtHEunePGBDbAQFe9bX7Qnn4rx2FJa2PgPNRAEdmdC | C95: pumpfun-app | D95: VeiledFernLute | E95: 380.72 | F95: 0 | G95: 380.72 | H95: 9.66 | I95: 3940.37 | J95: 4321.09 | K95: 5 | L95: 4 | M95: 2026-10-15T05:17:25Z | N95: 2026-10-15T06:14:30Z | O95: 4115 | P95: 9.31323e-10 | Q95: 0 | R95: 349.2 | S95: 35 | T95: 8
A96: 95 | B96: zm5eRfVBJ9vvRS431ywSDMq5okhSaiZdb6BHSTB9WM4 | C96: axiom | E96: 379.65 | F96: 0 | G96: 379.65 | H96: 423.08 | I96: 89.73 | J96: 469.39 | K96: 1 | L96: 28 | M96: 2026-10-15T04:58:39Z | N96: 2026-10-15T05:09:29Z | O96: 649 | P96: 0 | Q96: 0 | R96: -1224.55 | S96: 2285 | T96: 653
A97: 96 | B97: EzbeF2bADKo6GutJyWmgodyGJFeBPhcrXSdZUXPX5WGc | C97: axiom;photon | E97: 378.92 | F97: 0 | G97: 378.92 | H97: 116.68 | I97: 324.76 | J97: 703.68 | K97: 7 | L97: 5 | M97: 2026-10-15T04:59:23Z | N97: 2026-10-15T05:04:52Z | O97: 330 | P97: 0 | Q97: 0 | R97: 2766463.2 | S97: 126952 | T97: 24155
A98: 97 | B98: CQmQeF6m6QPqrzSPJVApyTspGkgHQUkXsAskX6SgzeuK | C98: pumpfun-app | D98: needycrab76328 | E98: 378.73 | F98: 156.96 | G98: 535.69 | H98: 185.96 | I98: 288.07 | J98: 578.63 | K98: 1 | L98: 2 | M98: 2026-10-15T05:10:45Z | N98: 2026-10-15T05:33:37Z | O98: 4515 | P98: 1000797.4 | Q98: 245.13 | R98: -18202.38 | S98: 1990 | T98: 431
A99: 98 | B99: HeMaQvWEQUj2e72LVUTaFzf2JmKFDCtzkuQxmbTLDcvw | C99: axiom | E99: 372.16 | F99: 0 | G99: 372.16 | H99: 92.04 | I99: 404.36 | J99: 776.51 | K99: 5 | L99: 5 | M99: 2026-10-15T05:08:00Z | N99: 2026-10-15T06:07:11Z | O99: 3550 | P99: 0 | Q99: 0 | R99: -12051.65 | S99: 5607 | T99: 1560
A100: 99 | B100: GdiM7NF9RC6RDMhyLeWEsGv365x9L9vQfRdXSCwHAYSm | C100: fomo | D100: Lelouch | E100: 368.4 | F100: 0 | G100: 368.4 | H100: 32.65 | I100: 1128.5 | J100: 1496.91 | K100: 4 | L100: 7 | M100: 2026-10-15T05:12:37Z | N100: 2026-10-15T06:19:35Z | O100: 4017 | P100: 0 | Q100: 0 | R100: 319921.58 | S100: 29883 | T100: 6802
...

Sheet GMGN
A1: Tidak ada data dari GMGN.
A2: Status: gagal
A3: Error: GMGN API error (HTTP 401): code=401 AUTH_TIMESTAMP_EXPIRED timestamp expired Check GMGN_API_KEY (the API key, not the private key). GMGN only works over IPv4, so disable IPv6 if the key is correct, and make sure this PC's clock is accurate (the server allows about 5 seconds of drift).

Sheet Log
A1: Log run
A3: Lingkungan dan parameter
A4: Suite | B4: 1.0.0
A5: Python | B5: 3.14.6
A6: Sistem operasi | B6: Windows-11-10.0.22000-SP0
A7: openpyxl | B7: 3.1.5
A8: Mint | B8: CoHH4XfCpEcAuQga8iSr3hCta3vyFxYW6BtQRAV3xQMo
A9: Snapshot (UTC) | B9: 2026-10-15 06:26:26
A10: Batas waktu per sumber (detik) | B10: 120
A11: Arsip raw JSON diminta | B11: ya
A12: Ambang awal selisih (USD / relatif) | B12: 10 / 25%
A14: Proses per sumber (kunci API tidak pernah dicatat; setiap proses hanya menerima kuncinya sendiri)
A15: Sumber | B15: Status | C15: Kode keluar | D15: Perintah | E15: Folder kerja | F15: Mulai (UTC) | G15: Selesai (UTC) | H15: Durasi (dtk) | I15: Berkas | J15: Catatan
A16: Vybe | B16: ok | C16: 0 | D16: C:\Python314\python.exe "D:\V 1.1 - backup\V1.2\top-trader-suite\vybe\main.py" CoHH4XfCpEcAuQga8iSr3hCta3vyFxYW6BtQRAV3xQMo | E16: D:\V 1.1 - backup\V1.2\top-trader-suite\output\_raw\CoHH4XfC_20261015_062626\vybe | F16: 2026-10-15 06:26:26 | G16: 2026-10-15 06:26:32 | H16: 6 | I16: top_traders_CoHH4XfCpEcAuQga8iSr3hCta3vyFxYW6BtQRAV3xQMo_20261015_062631.csv
A17: SolanaTracker | B17: ok | C17: 0 | D17: C:\Python314\python.exe "D:\V 1.1 - backup\V1.2\top-trader-suite\solanatracker\main.py" CoHH4XfCpEcAuQga8iSr3hCta3vyFxYW6BtQRAV3xQMo --raw | E17: D:\V 1.1 - backup\V1.2\top-trader-suite\output\_raw\CoHH4XfC_20261015_062626\solanatracker | F17: 2026-10-15 06:26:26 | G17: 2026-10-15 06:26:32 | H17: 6.1 | I17: solanatracker_top_traders_CoHH4XfCpEcAuQga8iSr3hCta3vyFxYW6BtQRAV3xQMo_20261015_062630.csv, solanatracker_top_traders_CoHH4XfCpEcAuQga8iSr3hCta3vyFxYW6BtQRAV3xQMo_20261015_062630.raw.json
A18: GMGN | B18: gagal | C18: 1 | D18: C:\Python314\python.exe "D:\V 1.1 - backup\V1.2\top-trader-suite\gmgn\main.py" CoHH4XfCpEcAuQga8iSr3hCta3vyFxYW6BtQRAV3xQMo --raw | E18: D:\V 1.1 - backup\V1.2\top-trader-suite\output\_raw\CoHH4XfC_20261015_062626\gmgn | F18: 2026-10-15 06:26:26 | G18: 2026-10-15 06:26:29 | H18: 3.4 | J18: Error: GMGN API error (HTTP 401): code=401 AUTH_TIMESTAMP_EXPIRED timestamp expired Check GMGN_API_KEY (the API key, not the private key). GMGN only works over IPv4, so disable IPv6 if the key is correct, and make sure this PC's clock is accurate (the server allows about 5 seconds of drift).
A20: Keluaran proses (dipotong bila panjang)
A21: Vybe stdout | B21: Created output\top_traders_CoHH4XfCpEcAuQga8iSr3hCta3vyFxYW6BtQRAV3xQMo_20261015_062631.csv (100 traders)
A22: SolanaTracker stdout | B22: Created output\solanatracker_top_traders_CoHH4XfCpEcAuQga8iSr3hCta3vyFxYW6BtQRAV3xQMo_20261015_062630.csv (100 traders) - NIHILISM (Nihilism)
A23: GMGN stderr | B23: Error: GMGN API error (HTTP 401): code=401 AUTH_TIMESTAMP_EXPIRED timestamp expired Check GMGN_API_KEY (the API key, not the private key). GMGN only works over IPv4, so disable IPv6 if the key is correct, and make sure this PC's clock is accurate (the server allows about 5 seconds of drift).
A25: Sidik jari kode (SHA-256, 16 karakter pertama) - untuk memastikan versi kode yang dijalankan
A26: Sumber | B26: Berkas | C26: SHA-256
A27: Vybe | B27: main.py | C27: 249919e2e3f83dbb
A28: Vybe | B28: vybe.py | C28: f88ad250cbb9186d
A29: Vybe | B29: csv_writer.py | C29: 56cd7548f0763d3f
A30: SolanaTracker | B30: main.py | C30: 87e2df6587fb4f35
A31: SolanaTracker | B31: solanatracker.py | C31: 24dc000755d40d1b
A32: SolanaTracker | B32: csv_writer.py | C32: 95665c59391c53c0
A33: GMGN | B33: main.py | C33: 1e1e9abfe03032c3
A34: GMGN | B34: gmgn.py | C34: 9372cc27b33b6186
A35: GMGN | B35: csv_writer.py | C35: c23305386940d1ab
